1	83	17	47.8700	50.2635	2001-09-29 00:00:00.000	1	5	3	CS 	2001-09-29 00:00:00.000
2	57	19	39.9200	41.9160	2001-09-29 00:00:00.000	1	5	3	CTN	2001-09-29 00:00:00.000
4	85	17	54.3100	57.0255	2001-09-29 00:00:00.000	1	5		CTN	2001-09-29 00:00:00.000
317	50	19	28.1700	29.5785	2001-09-29 00:00:00.000	100	1000	300	EA 	2001-09-29 00:00:00.000
317	84	17	25.7700	27.0585	2001-09-25 00:00:00.000	100	1000		EA 	2001-09-25 00:00:00.000
318	50	19	34.3800	36.0990	2001-09-29 00:00:00.000	100	1000		EA 	2001-09-29 00:00:00.000
318	84	17	31.9800	33.5790	2001-09-25 00:00:00.000	100	1000	300	EA 	2001-09-25 00:00:00.000
319	40	19	44.2100	46.4205	2001-09-29 00:00:00.000	100	1000	300	EA 	2001-09-29 00:00:00.000
319	50	19	46.2700	48.5835	2001-09-29 00:00:00.000	100	1000		EA 	2001-09-29 00:00:00.000
319	84	17	43.8700	46.0635	2001-09-25 00:00:00.000	100	1000		EA 	2001-09-25 00:00:00.000
320	13	17	45.2100	47.4705	2001-09-19 00:00:00.000	1	5		CAN	2001-09-19 00:00:00.000
320	47	17	43.2100	45.3705	2001-09-25 00:00:00.000	1	5		CAN	2001-09-25 00:00:00.000
320	62	19	47.2800	49.6440	2001-09-29 00:00:00.000	1	5	3	CAN	2001-09-29 00:00:00.000
321	13	17	40.7600	42.7980	2001-09-19 00:00:00.000	1	5		CAN	2001-09-19 00:00:00.000
321	47	17	38.5600	40.4880	2001-09-25 00:00:00.000	1	5		CAN	2001-09-25 00:00:00.000
321	62	19	42.2100	44.3205	2001-09-29 00:00:00.000	1	5		CAN	2001-09-29 00:00:00.000
322	13	17	24.2100	25.4205	2001-09-25 00:00:00.000	20	100		DZ 	2001-09-25 00:00:00.000
322	47	17	25.1100	26.3655	2001-09-25 00:00:00.000	20	100		DZ 	2001-09-25 00:00:00.000
322	62	19	27.3300	28.6965	2001-09-24 00:00:00.000	20	100		DZ 	2001-09-24 00:00:00.000
323	21	17	47.8700	50.2635	2001-09-25 00:00:00.000	1	5		CS 	2001-09-25 00:00:00.000
325	15	19	.2000	.2100	2001-09-29 00:00:00.000	500	2000		EA 	2001-09-29 00:00:00.000
326	15	19	.2000	.2100	2001-09-29 00:00:00.000	500	2000		EA 	2001-09-29 00:00:00.000
332	70	19	10.3000	10.8150	2001-09-29 00:00:00.000	100	1000		EA 	2001-09-29 00:00:00.000
341	8	15	39.2100	41.1705	2001-09-26 00:00:00.000	1	5	3	CTN	2001-09-26 00:00:00.000
341	41	19	45.2100	47.4705	2001-09-22 00:00:00.000	1	5		CTN	2001-09-22 00:00:00.000
341	90	19	45.3100	47.5755	2001-09-28 00:00:00.000	1	5		CTN	2001-09-28 00:00:00.000
342	8	15	37.2100	39.0705	2001-09-26 00:00:00.000	1	5	3	CTN	2001-09-26 00:00:00.000
342	41	19	43.2100	45.3705	2001-09-22 00:00:00.000	1	5		CTN	2001-09-22 00:00:00.000
342	90	19	43.3100	45.4755	2001-09-28 00:00:00.000	1	5		CTN	2001-09-28 00:00:00.000
343	8	15	41.2800	43.3440	2001-09-26 00:00:00.000	1	5		CTN	2001-09-26 00:00:00.000
343	41	19	47.2800	49.6440	2001-09-22 00:00:00.000	1	5		CTN	2001-09-22 00:00:00.000
343	90	19	47.3800	49.7490	2001-09-28 00:00:00.000	1	5		CTN	2001-09-28 00:00:00.000
344	8	15	37.2100	39.0705	2001-09-07 00:00:00.000	1	5	3	CTN	2001-09-07 00:00:00.000
344	41	19	43.2100	45.3705	2001-09-28 00:00:00.000	1	5		CTN	2001-09-28 00:00:00.000
344	90	19	43.3100	45.4755	2001-09-28 00:00:00.000	1	5		CTN	2001-09-28 00:00:00.000
345	8	15	35.2100	36.9705	2001-09-07 00:00:00.000	1	5	3	CTN	2001-09-07 00:00:00.000
345	41	19	41.2100	43.2705	2001-09-28 00:00:00.000	1	5		CTN	2001-09-28 00:00:00.000
345	90	19	41.3100	43.3755	2001-09-28 00:00:00.000	1	5		CTN	2001-09-28 00:00:00.000
346	8	15	39.2800	41.2440	2001-09-13 00:00:00.000	1	5		CTN	2001-09-13 00:00:00.000
346	41	19	45.2800	47.5440	2001-09-28 00:00:00.000	1	5		CTN	2001-09-28 00:00:00.000
346	90	19	45.3800	47.6490	2001-09-28 00:00:00.000	1	5		CTN	2001-09-28 00:00:00.000
347	8	15	35.2100	36.9705	2001-09-13 00:00:00.000	1	5	3	CTN	2001-09-13 00:00:00.000
347	41	19	41.2100	43.2705	2001-09-28 00:00:00.000	1	5		CTN	2001-09-28 00:00:00.000
347	90	19	41.3100	43.3755	2001-09-17 00:00:00.000	1	5		CTN	2001-09-17 00:00:00.000
348	8	15	33.2100	34.8705	2001-09-20 00:00:00.000	1	5	3	CTN	2001-09-20 00:00:00.000
348	41	19	39.2100	41.1705	2001-09-28 00:00:00.000	1	5		CTN	2001-09-28 00:00:00.000
348	90	19	39.3100	41.2755	2001-09-17 00:00:00.000	1	5		CTN	2001-09-17 00:00:00.000
349	8	15	37.2800	39.1440	2001-09-20 00:00:00.000	1	5	3	CTN	2001-09-20 00:00:00.000
349	41	19	43.2800	45.4440	2001-09-18 00:00:00.000	1	5		CTN	2001-09-18 00:00:00.000
349	90	19	43.3800	45.5490	2001-09-22 00:00:00.000	1	5		CTN	2001-09-22 00:00:00.000
351	12	15	5.9000	6.1950	2001-09-26 00:00:00.000	100	1000	300	EA 	2001-09-26 00:00:00.000
351	64	15	5.5000	5.7750	2001-09-26 00:00:00.000	100	1000		EA 	2001-09-26 00:00:00.000
352	12	15	1.4000	1.4700	2001-09-26 00:00:00.000	100	1000		EA 	2001-09-26 00:00:00.000
352	64	15	1.1000	1.1550	2001-09-26 00:00:00.000	100	1000	300	EA 	2001-09-26 00:00:00.000
355	17	15	1.3000	1.3650	2001-09-26 00:00:00.000	100	1000	300	EA 	2001-09-26 00:00:00.000
356	48	18	3.4300	3.6015	2001-09-27 00:00:00.000	20	100		PAK	2001-09-27 00:00:00.000
356	69	16	3.2200	3.3810	2001-09-28 00:00:00.000	20	100	60	PAK	2001-09-28 00:00:00.000
357	48	18	3.7900	3.9795	2001-09-27 00:00:00.000	20	100		PAK	2001-09-27 00:00:00.000
357	69	16	4.1100	4.3155	2001-09-28 00:00:00.000	20	100	60	PAK	2001-09-28 00:00:00.000
358	103	16	6.6500	6.9825	2001-09-28 00:00:00.000	20	100	60	PAK	2001-09-28 00:00:00.000
359	32	17	45.4100	47.6805	2001-09-29 00:00:00.000	1	5	3	CS 	2001-09-29 00:00:00.000
359	91	19	45.2600	47.5230	2001-09-11 00:00:00.000	1	5		CS 	2001-09-11 00:00:00.000
360	32	17	43.4100	45.5805	2001-09-29 00:00:00.000	1	5	3	CS 	2001-09-29 00:00:00.000
360	91	19	43.2600	45.4230	2001-09-11 00:00:00.000	1	5		CS 	2001-09-11 00:00:00.000
361	32	17	47.4800	49.8540	2001-09-05 00:00:00.000	1	5		CS 	2001-09-05 00:00:00.000
361	91	19	47.3300	49.6965	2001-09-18 00:00:00.000	1	5		CS 	2001-09-18 00:00:00.000
362	32	17	43.4100	45.5805	2001-09-05 00:00:00.000	1	5	3	CS 	2001-09-05 00:00:00.000
362	91	19	43.2600	45.4230	2001-09-18 00:00:00.000	1	5		CS 	2001-09-18 00:00:00.000
363	32	17	41.4100	43.4805	2001-09-05 00:00:00.000	1	5		CS 	2001-09-05 00:00:00.000
363	91	19	41.2600	43.3230	2001-09-18 00:00:00.000	1	5		CS 	2001-09-18 00:00:00.000
364	32	17	45.4800	47.7540	2001-09-12 00:00:00.000	1	5	3	CS 	2001-09-12 00:00:00.000
364	91	19	45.3300	47.5965	2001-09-24 00:00:00.000	1	5		CS 	2001-09-24 00:00:00.000
365	32	17	41.4100	43.4805	2001-09-12 00:00:00.000	1	5		CS 	2001-09-12 00:00:00.000
365	91	19	41.2600	43.3230	2001-09-24 00:00:00.000	1	5		CS 	2001-09-24 00:00:00.000
366	32	17	39.4100	41.3805	2001-09-12 00:00:00.000	1	5	3	CS 	2001-09-12 00:00:00.000
366	91	19	39.2600	41.2230	2001-09-29 00:00:00.000	1	5		CS 	2001-09-29 00:00:00.000
367	32	17	43.4800	45.6540	2001-09-12 00:00:00.000	1	5		CS 	2001-09-12 00:00:00.000
367	91	19	43.3300	45.4965	2001-09-29 00:00:00.000	1	5		CS 	2001-09-29 00:00:00.000
368	32	17	39.4100	41.3805	2001-09-12 00:00:00.000	1	5	3	CS 	2001-09-12 00:00:00.000
368	91	19	39.2600	41.2230	2001-09-29 00:00:00.000	1	5		CS 	2001-09-29 00:00:00.000
369	32	17	37.4100	39.2805	2001-09-12 00:00:00.000	1	5	3	CS 	2001-09-12 00:00:00.000
369	91	19	37.2600	39.1230	2001-09-29 00:00:00.000	1	5		CS 	2001-09-29 00:00:00.000
370	32	17	41.4800	43.5540	2001-09-18 00:00:00.000	1	5	3	CS 	2001-09-18 00:00:00.000
370	91	19	41.3300	43.3965	2001-08-30 00:00:00.000	1	5		CS 	2001-08-30 00:00:00.000
371	32	17	37.4100	39.2805	2001-09-18 00:00:00.000	1	5		CS 	2001-09-18 00:00:00.000
371	91	19	37.2600	39.1230	2001-08-30 00:00:00.000	1	5		CS 	2001-08-30 00:00:00.000
372	32	17	35.4100	37.1805	2001-09-18 00:00:00.000	1	5	3	CS 	2001-09-18 00:00:00.000
372	91	19	35.2600	37.0230	2001-08-30 00:00:00.000	1	5		CS 	2001-08-30 00:00:00.000
373	32	17	39.4800	41.4540	2001-09-18 00:00:00.000	1	5	3	CS 	2001-09-18 00:00:00.000
373	91	19	39.3300	41.2965	2001-08-30 00:00:00.000	1	5		CS 	2001-08-30 00:00:00.000
374	32	17	35.4100	37.1805	2001-09-24 00:00:00.000	1	5	3	CS 	2001-09-24 00:00:00.000
374	91	19	35.2600	37.0230	2001-09-05 00:00:00.000	1	5		CS 	2001-09-05 00:00:00.000
375	7	16	41.2100	43.2705	2001-08-29 00:00:00.000	1	5		CTN	2001-08-29 00:00:00.000
375	23	16	41.2100	43.2705	2001-09-10 00:00:00.000	1	5		CTN	2001-09-10 00:00:00.000
375	76	15	41.2800	43.3440	2001-09-13 00:00:00.000	1	5	3	CTN	2001-09-13 00:00:00.000
376	7	16	45.2800	47.5440	2001-08-29 00:00:00.000	1	5		CTN	2001-08-29 00:00:00.000
376	23	16	39.2100	41.1705	2001-09-10 00:00:00.000	1	5		CTN	2001-09-10 00:00:00.000
376	76	15	37.2100	39.0705	2001-09-13 00:00:00.000	1	5		CTN	2001-09-13 00:00:00.000
377	7	16	41.2100	43.2705	2001-09-04 00:00:00.000	1	5		CTN	2001-09-04 00:00:00.000
377	23	16	43.2800	45.4440	2001-09-17 00:00:00.000	1	5		CTN	2001-09-17 00:00:00.000
377	76	15	35.2100	36.9705	2001-09-20 00:00:00.000	1	5	3	CTN	2001-09-20 00:00:00.000
378	7	16	39.2100	41.1705	2001-09-04 00:00:00.000	1	5		CTN	2001-09-04 00:00:00.000
378	23	16	39.2100	41.1705	2001-09-17 00:00:00.000	1	5		CTN	2001-09-17 00:00:00.000
378	76	15	39.2800	41.2440	2001-09-20 00:00:00.000	1	5	3	CTN	2001-09-20 00:00:00.000
379	7	16	43.2800	45.4440	2001-09-04 00:00:00.000	1	5		CTN	2001-09-04 00:00:00.000
379	23	16	37.2100	39.0705	2001-09-17 00:00:00.000	1	5		CTN	2001-09-17 00:00:00.000
379	76	15	35.2100	36.9705	2001-09-20 00:00:00.000	1	5		CTN	2001-09-20 00:00:00.000
380	7	16	39.2100	41.1705	2001-09-10 00:00:00.000	1	5		CTN	2001-09-10 00:00:00.000
380	23	16	41.2800	43.3440	2001-09-22 00:00:00.000	1	5		CTN	2001-09-22 00:00:00.000
380	76	15	41.1600	43.2180	2001-09-26 00:00:00.000	1	5	3	CTN	2001-09-26 00:00:00.000
381	7	16	37.2100	39.0705	2001-09-10 00:00:00.000	1	5		CTN	2001-09-10 00:00:00.000
381	23	16	37.2100	39.0705	2001-09-22 00:00:00.000	1	5		CTN	2001-09-22 00:00:00.000
381	76	15	45.2300	47.4915	2001-09-26 00:00:00.000	1	5	3	CTN	2001-09-26 00:00:00.000
382	23	16	35.2100	36.9705	2001-09-28 00:00:00.000	1	5		CTN	2001-09-28 00:00:00.000
382	76	15	41.2100	43.2705	2001-09-01 00:00:00.000	1	5	3	CTN	2001-09-01 00:00:00.000
383	23	16	39.2800	41.2440	2001-09-28 00:00:00.000	1	5		CTN	2001-09-28 00:00:00.000
383	76	15	45.2800	47.5440	2001-09-01 00:00:00.000	1	5		CTN	2001-09-01 00:00:00.000
384	23	16	35.2100	36.9705	2001-09-28 00:00:00.000	1	5		CTN	2001-09-28 00:00:00.000
384	76	15	41.2100	43.2705	2001-09-01 00:00:00.000	1	5	3	CTN	2001-09-01 00:00:00.000
385	23	16	41.1600	43.2180	2001-09-28 00:00:00.000	1	5		CTN	2001-09-28 00:00:00.000
385	76	15	39.2100	41.1705	2001-09-07 00:00:00.000	1	5		CTN	2001-09-07 00:00:00.000
386	23	16	45.2300	47.4915	2001-09-04 00:00:00.000	1	5		CTN	2001-09-04 00:00:00.000
386	76	15	43.2800	45.4440	2001-09-07 00:00:00.000	1	5	3	CTN	2001-09-07 00:00:00.000
387	23	16	41.2100	43.2705	2001-09-04 00:00:00.000	1	5		CTN	2001-09-04 00:00:00.000
387	76	15	39.2100	41.1705	2001-09-07 00:00:00.000	1	5	3	CTN	2001-09-07 00:00:00.000
388	23	16	45.2800	47.5440	2001-09-04 00:00:00.000	1	5		CTN	2001-09-04 00:00:00.000
388	76	15	37.2100	39.0705	2001-09-07 00:00:00.000	1	5	3	CTN	2001-09-07 00:00:00.000
389	23	16	41.2100	43.2705	2001-09-04 00:00:00.000	1	5		CTN	2001-09-04 00:00:00.000
389	76	15	41.2800	43.3440	2001-09-07 00:00:00.000	1	5		CTN	2001-09-07 00:00:00.000
390	23	16	39.2100	41.1705	2001-09-04 00:00:00.000	1	5		CTN	2001-09-04 00:00:00.000
390	76	15	37.2100	39.0705	2001-09-07 00:00:00.000	1	5	3	CTN	2001-09-07 00:00:00.000
391	23	16	43.2800	45.4440	2001-09-04 00:00:00.000	1	5		CTN	2001-09-04 00:00:00.000
391	76	15	35.2100	36.9705	2001-09-07 00:00:00.000	1	5	3	CTN	2001-09-07 00:00:00.000
392	23	16	39.2100	41.1705	2001-09-04 00:00:00.000	1	5		CTN	2001-09-04 00:00:00.000
392	76	15	39.2800	41.2440	2001-09-07 00:00:00.000	1	5	3	CTN	2001-09-07 00:00:00.000
393	23	16	37.2100	39.0705	2001-09-04 00:00:00.000	1	5		CTN	2001-09-04 00:00:00.000
393	76	15	35.2100	36.9705	2001-09-07 00:00:00.000	1	5		CTN	2001-09-07 00:00:00.000
394	23	16	41.2800	43.3440	2001-09-04 00:00:00.000	1	5		CTN	2001-09-04 00:00:00.000
394	76	15	41.1600	43.2180	2001-09-07 00:00:00.000	1	5	3	CTN	2001-09-07 00:00:00.000
395	23	16	37.2100	39.0705	2001-09-04 00:00:00.000	1	5		CTN	2001-09-04 00:00:00.000
395	76	15	45.2300	47.4915	2001-09-07 00:00:00.000	1	5	3	CTN	2001-09-07 00:00:00.000
396	23	16	35.2100	36.9705	2001-09-04 00:00:00.000	1	5		CTN	2001-09-04 00:00:00.000
396	76	15	41.2100	43.2705	2001-09-07 00:00:00.000	1	5		CTN	2001-09-07 00:00:00.000
397	23	16	39.2800	41.2440	2001-09-04 00:00:00.000	1	5		CTN	2001-09-04 00:00:00.000
397	76	15	45.2800	47.5440	2001-09-07 00:00:00.000	1	5		CTN	2001-09-07 00:00:00.000
402	28	15	45.2100	47.4705	2001-09-26 00:00:00.000	1	5	3	CTN	2001-09-26 00:00:00.000
403	54	19	43.2800	45.4440	2001-09-28 00:00:00.000	1	5		CAN	2001-09-28 00:00:00.000
403	78	17	45.2100	47.4705	2001-09-06 00:00:00.000	1	5	3	CAN	2001-09-06 00:00:00.000
403	87	15	43.2100	45.3705	2001-09-20 00:00:00.000	1	5	3	CAN	2001-09-20 00:00:00.000
404	54	19	39.2100	41.1705	2001-09-28 00:00:00.000	1	5		CAN	2001-09-28 00:00:00.000
404	78	17	43.2100	45.3705	2001-09-06 00:00:00.000	1	5	3	CAN	2001-09-06 00:00:00.000
404	87	15	47.2800	49.6440	2001-09-20 00:00:00.000	1	5	3	CAN	2001-09-20 00:00:00.000
405	54	19	37.2100	39.0705	2001-09-04 00:00:00.000	1	5		CAN	2001-09-04 00:00:00.000
405	78	17	47.2800	49.6440	2001-09-12 00:00:00.000	1	5	3	CAN	2001-09-12 00:00:00.000
405	87	15	43.2100	45.3705	2001-09-20 00:00:00.000	1	5	3	CAN	2001-09-20 00:00:00.000
406	54	19	41.2800	43.3440	2001-09-04 00:00:00.000	1	5		CAN	2001-09-04 00:00:00.000
406	78	17	43.2100	45.3705	2001-09-12 00:00:00.000	1	5	3	CAN	2001-09-12 00:00:00.000
406	87	15	41.2100	43.2705	2001-09-20 00:00:00.000	1	5	3	CAN	2001-09-20 00:00:00.000
407	54	19	37.2100	39.0705	2001-09-04 00:00:00.000	1	5		CAN	2001-09-04 00:00:00.000
407	78	17	41.2100	43.2705	2001-09-12 00:00:00.000	1	5		CAN	2001-09-12 00:00:00.000
407	87	15	45.2800	47.5440	2001-09-20 00:00:00.000	1	5		CAN	2001-09-20 00:00:00.000
408	54	19	35.2100	36.9705	2001-09-10 00:00:00.000	1	5		CAN	2001-09-10 00:00:00.000
408	78	17	45.2800	47.5440	2001-09-19 00:00:00.000	1	5	3	CAN	2001-09-19 00:00:00.000
408	87	15	41.2100	43.2705	2001-09-20 00:00:00.000	1	5	3	CAN	2001-09-20 00:00:00.000
409	54	19	39.2800	41.2440	2001-09-10 00:00:00.000	1	5		CAN	2001-09-10 00:00:00.000
409	78	17	41.2100	43.2705	2001-09-19 00:00:00.000	1	5	3	CAN	2001-09-19 00:00:00.000
409	87	15	39.2100	41.1705	2001-09-26 00:00:00.000	1	5	3	CAN	2001-09-26 00:00:00.000
410	54	19	35.2100	36.9705	2001-09-10 00:00:00.000	1	5		CAN	2001-09-10 00:00:00.000
410	78	17	39.2100	41.1705	2001-09-25 00:00:00.000	1	5	3	CAN	2001-09-25 00:00:00.000
411	54	19	33.2100	34.8705	2001-09-10 00:00:00.000	1	5		CAN	2001-09-10 00:00:00.000
411	78	17	43.2800	45.4440	2001-09-25 00:00:00.000	1	5		CAN	2001-09-25 00:00:00.000
412	54	19	37.2800	39.1440	2001-09-10 00:00:00.000	1	5		CAN	2001-09-10 00:00:00.000
412	78	17	39.2100	41.1705	2001-09-25 00:00:00.000	1	5	3	CAN	2001-09-25 00:00:00.000
413	54	19	45.3100	47.5755	2001-09-10 00:00:00.000	1	5		CAN	2001-09-10 00:00:00.000
413	78	17	37.2100	39.0705	2001-09-25 00:00:00.000	1	5		CAN	2001-09-25 00:00:00.000
414	54	19	43.3100	45.4755	2001-09-17 00:00:00.000	1	5		CAN	2001-09-17 00:00:00.000
414	78	17	41.2800	43.3440	2001-08-24 00:00:00.000	1	5	3	CAN	2001-08-24 00:00:00.000
415	54	19	47.3800	49.7490	2001-09-17 00:00:00.000	1	5		CAN	2001-09-17 00:00:00.000
415	78	17	37.2100	39.0705	2001-08-24 00:00:00.000	1	5	3	CAN	2001-08-24 00:00:00.000
416	54	19	43.3100	45.4755	2001-09-17 00:00:00.000	1	5		CAN	2001-09-17 00:00:00.000
416	78	17	35.2100	36.9705	2001-08-24 00:00:00.000	1	5	3	CAN	2001-08-24 00:00:00.000
417	54	19	41.3100	43.3755	2001-09-17 00:00:00.000	1	5		CAN	2001-09-17 00:00:00.000
417	78	17	39.2800	41.2440	2001-08-24 00:00:00.000	1	5		CAN	2001-08-24 00:00:00.000
418	54	19	45.3800	47.6490	2001-09-22 00:00:00.000	1	5		CAN	2001-09-22 00:00:00.000
418	78	17	35.2100	36.9705	2001-08-31 00:00:00.000	1	5	3	CAN	2001-08-31 00:00:00.000
419	54	19	41.3100	43.3755	2001-09-22 00:00:00.000	1	5		CAN	2001-09-22 00:00:00.000
419	78	17	33.2100	34.8705	2001-08-31 00:00:00.000	1	5	3	CAN	2001-08-31 00:00:00.000
420	54	19	39.3100	41.2755	2001-09-22 00:00:00.000	1	5		CAN	2001-09-22 00:00:00.000
420	78	17	37.2800	39.1440	2001-08-31 00:00:00.000	1	5	3	CAN	2001-08-31 00:00:00.000
421	54	19	43.3800	45.5490	2001-09-22 00:00:00.000	1	5		CAN	2001-09-22 00:00:00.000
421	78	17	45.3100	47.5755	2001-08-31 00:00:00.000	1	5	3	CAN	2001-08-31 00:00:00.000
422	25	19	45.4100	47.6805	2001-09-17 00:00:00.000	1	5		CTN	2001-09-17 00:00:00.000
422	68	16	45.4100	47.6805	2001-09-21 00:00:00.000	1	5		CTN	2001-09-21 00:00:00.000
422	74	17	45.2600	47.5230	2001-09-12 00:00:00.000	1	5		CTN	2001-09-12 00:00:00.000
423	25	19	43.4100	45.5805	2001-09-17 00:00:00.000	1	5		CTN	2001-09-17 00:00:00.000
423	68	16	43.4100	45.5805	2001-09-21 00:00:00.000	1	5		CTN	2001-09-21 00:00:00.000
423	74	17	43.2600	45.4230	2001-09-12 00:00:00.000	1	5		CTN	2001-09-12 00:00:00.000
424	25	19	47.4800	49.8540	2001-09-17 00:00:00.000	1	5		CTN	2001-09-17 00:00:00.000
424	68	16	47.4800	49.8540	2001-09-27 00:00:00.000	1	5		CTN	2001-09-27 00:00:00.000
424	74	17	47.3300	49.6965	2001-09-19 00:00:00.000	1	5		CTN	2001-09-19 00:00:00.000
425	25	19	43.4100	45.5805	2001-09-17 00:00:00.000	1	5		CTN	2001-09-17 00:00:00.000
425	68	16	43.4100	45.5805	2001-09-27 00:00:00.000	1	5		CTN	2001-09-27 00:00:00.000
425	74	17	43.2600	45.4230	2001-09-19 00:00:00.000	1	5		CTN	2001-09-19 00:00:00.000
426	25	19	41.4100	43.4805	2001-09-17 00:00:00.000	1	5		CTN	2001-09-17 00:00:00.000
426	68	16	41.4100	43.4805	2001-09-27 00:00:00.000	1	5		CTN	2001-09-27 00:00:00.000
426	74	17	41.2600	43.3230	2001-09-19 00:00:00.000	1	5		CTN	2001-09-19 00:00:00.000
427	25	19	45.4800	47.7540	2001-09-22 00:00:00.000	1	5		CTN	2001-09-22 00:00:00.000
427	68	16	45.4800	47.7540	2001-09-03 00:00:00.000	1	5		CTN	2001-09-03 00:00:00.000
427	74	17	45.3300	47.5965	2001-09-25 00:00:00.000	1	5		CTN	2001-09-25 00:00:00.000
428	25	19	41.4100	43.4805	2001-09-22 00:00:00.000	1	5		CTN	2001-09-22 00:00:00.000
428	68	16	41.4100	43.4805	2001-09-03 00:00:00.000	1	5		CTN	2001-09-03 00:00:00.000
428	74	17	41.2600	43.3230	2001-09-25 00:00:00.000	1	5		CTN	2001-09-25 00:00:00.000
429	25	19	39.4100	41.3805	2001-09-22 00:00:00.000	1	5		CTN	2001-09-22 00:00:00.000
429	68	16	39.4100	41.3805	2001-09-03 00:00:00.000	1	5		CTN	2001-09-03 00:00:00.000
429	74	17	39.2600	41.2230	2001-08-24 00:00:00.000	1	5		CTN	2001-08-24 00:00:00.000
430	25	19	43.4800	45.6540	2001-09-22 00:00:00.000	1	5		CTN	2001-09-22 00:00:00.000
430	68	16	43.4800	45.6540	2001-09-03 00:00:00.000	1	5		CTN	2001-09-03 00:00:00.000
430	74	17	43.3300	45.4965	2001-08-24 00:00:00.000	1	5		CTN	2001-08-24 00:00:00.000
431	25	19	39.4100	41.3805	2001-09-22 00:00:00.000	1	5		CTN	2001-09-22 00:00:00.000
431	68	16	39.4100	41.3805	2001-09-03 00:00:00.000	1	5		CTN	2001-09-03 00:00:00.000
431	74	17	39.2600	41.2230	2001-08-24 00:00:00.000	1	5		CTN	2001-08-24 00:00:00.000
432	25	19	37.4100	39.2805	2001-09-22 00:00:00.000	1	5		CTN	2001-09-22 00:00:00.000
432	68	16	37.4100	39.2805	2001-09-03 00:00:00.000	1	5		CTN	2001-09-03 00:00:00.000
432	74	17	37.2600	39.1230	2001-08-24 00:00:00.000	1	5		CTN	2001-08-24 00:00:00.000
433	25	19	41.4800	43.5540	2001-09-28 00:00:00.000	1	5		CTN	2001-09-28 00:00:00.000
433	68	16	41.4800	43.5540	2001-09-10 00:00:00.000	1	5		CTN	2001-09-10 00:00:00.000
433	74	17	41.3300	43.3965	2001-08-31 00:00:00.000	1	5		CTN	2001-08-31 00:00:00.000
434	25	19	37.4100	39.2805	2001-09-28 00:00:00.000	1	5		CTN	2001-09-28 00:00:00.000
434	68	16	37.4100	39.2805	2001-09-10 00:00:00.000	1	5		CTN	2001-09-10 00:00:00.000
434	74	17	37.2600	39.1230	2001-08-31 00:00:00.000	1	5		CTN	2001-08-31 00:00:00.000
435	25	19	35.4100	37.1805	2001-09-28 00:00:00.000	1	5		CTN	2001-09-28 00:00:00.000
435	68	16	35.4100	37.1805	2001-09-10 00:00:00.000	1	5		CTN	2001-09-10 00:00:00.000
435	74	17	35.2600	37.0230	2001-08-31 00:00:00.000	1	5		CTN	2001-08-31 00:00:00.000
436	25	19	39.4800	41.4540	2001-09-28 00:00:00.000	1	5		CTN	2001-09-28 00:00:00.000
436	68	16	39.4800	41.4540	2001-09-10 00:00:00.000	1	5		CTN	2001-09-10 00:00:00.000
436	74	17	39.3300	41.2965	2001-08-31 00:00:00.000	1	5		CTN	2001-08-31 00:00:00.000
437	25	19	35.4100	37.1805	2001-09-10 00:00:00.000	1	5		CTN	2001-09-10 00:00:00.000
437	68	16	35.4100	37.1805	2001-09-17 00:00:00.000	1	5		CTN	2001-09-17 00:00:00.000
437	74	17	35.2600	37.0230	2001-09-06 00:00:00.000	1	5		CTN	2001-09-06 00:00:00.000
438	7	16	45.4100	47.6805	2001-09-17 00:00:00.000	1	5		CTN	2001-09-17 00:00:00.000
438	51	17	39.2600	41.2230	2001-09-25 00:00:00.000	1	5		CTN	2001-09-25 00:00:00.000
439	7	16	43.4100	45.5805	2001-09-17 00:00:00.000	1	5		CTN	2001-09-17 00:00:00.000
439	51	17	43.3300	45.4965	2001-09-25 00:00:00.000	1	5		CTN	2001-09-25 00:00:00.000
440	7	16	47.4800	49.8540	2001-09-17 00:00:00.000	1	5		CTN	2001-09-17 00:00:00.000
440	51	17	39.2600	41.2230	2001-09-06 00:00:00.000	1	5		CTN	2001-09-06 00:00:00.000
441	7	16	43.4100	45.5805	2001-09-17 00:00:00.000	1	5		CTN	2001-09-17 00:00:00.000
441	51	17	37.2600	39.1230	2001-09-06 00:00:00.000	1	5		CTN	2001-09-06 00:00:00.000
442	7	16	41.4100	43.4805	2001-09-22 00:00:00.000	1	5		CTN	2001-09-22 00:00:00.000
442	51	17	41.3300	43.3965	2001-09-06 00:00:00.000	1	5		CTN	2001-09-06 00:00:00.000
443	7	16	45.4800	47.7540	2001-09-22 00:00:00.000	1	5		CTN	2001-09-22 00:00:00.000
443	51	17	37.2600	39.1230	2001-09-06 00:00:00.000	1	5		CTN	2001-09-06 00:00:00.000
444	7	16	41.4100	43.4805	2001-09-22 00:00:00.000	1	5		CTN	2001-09-22 00:00:00.000
444	51	17	35.2600	37.0230	2001-09-12 00:00:00.000	1	5		CTN	2001-09-12 00:00:00.000
445	7	16	39.4100	41.3805	2001-09-28 00:00:00.000	1	5		CTN	2001-09-28 00:00:00.000
445	51	17	39.3300	41.2965	2001-09-12 00:00:00.000	1	5		CTN	2001-09-12 00:00:00.000
446	7	16	43.4800	45.6540	2001-09-28 00:00:00.000	1	5		CTN	2001-09-28 00:00:00.000
446	51	17	35.2600	37.0230	2001-09-12 00:00:00.000	1	5		CTN	2001-09-12 00:00:00.000
447	7	16	39.4100	41.3805	2001-09-28 00:00:00.000	1	5		CTN	2001-09-28 00:00:00.000
447	51	17	45.4100	47.6805	2001-09-12 00:00:00.000	1	5		CTN	2001-09-12 00:00:00.000
448	7	16	37.4100	39.2805	2001-09-28 00:00:00.000	1	5		CTN	2001-09-28 00:00:00.000
448	51	17	43.4100	45.5805	2001-09-19 00:00:00.000	1	5		CTN	2001-09-19 00:00:00.000
449	7	16	41.4800	43.5540	2001-09-28 00:00:00.000	1	5		CTN	2001-09-28 00:00:00.000
449	51	17	47.4800	49.8540	2001-09-19 00:00:00.000	1	5		CTN	2001-09-19 00:00:00.000
450	7	16	37.4100	39.2805	2001-08-22 00:00:00.000	1	5		CTN	2001-08-22 00:00:00.000
450	51	17	43.4100	45.5805	2001-09-19 00:00:00.000	1	5		CTN	2001-09-19 00:00:00.000
451	7	16	35.4100	37.1805	2001-08-22 00:00:00.000	1	5		CTN	2001-08-22 00:00:00.000
451	51	17	41.4100	43.4805	2001-09-19 00:00:00.000	1	5		CTN	2001-09-19 00:00:00.000
452	7	16	39.4800	41.4540	2001-08-22 00:00:00.000	1	5		CTN	2001-08-22 00:00:00.000
452	51	17	45.4800	47.7540	2001-09-19 00:00:00.000	1	5		CTN	2001-09-19 00:00:00.000
453	7	16	35.4100	37.1805	2001-08-22 00:00:00.000	1	5		CTN	2001-08-22 00:00:00.000
453	51	17	41.4100	43.4805	2001-09-19 00:00:00.000	1	5		CTN	2001-09-19 00:00:00.000
454	7	16	45.2600	47.5230	2001-08-22 00:00:00.000	1	5		CTN	2001-08-22 00:00:00.000
454	51	17	39.4100	41.3805	2001-09-19 00:00:00.000	1	5		CTN	2001-09-19 00:00:00.000
455	7	16	43.2600	45.4230	2001-08-22 00:00:00.000	1	5		CTN	2001-08-22 00:00:00.000
455	51	17	43.4800	45.6540	2001-09-19 00:00:00.000	1	5		CTN	2001-09-19 00:00:00.000
456	7	16	47.3300	49.6965	2001-08-22 00:00:00.000	1	5		CTN	2001-08-22 00:00:00.000
456	51	17	39.4100	41.3805	2001-09-19 00:00:00.000	1	5		CTN	2001-09-19 00:00:00.000
457	7	16	43.2600	45.4230	2001-08-22 00:00:00.000	1	5		CTN	2001-08-22 00:00:00.000
457	51	17	37.4100	39.2805	2001-09-19 00:00:00.000	1	5		CTN	2001-09-19 00:00:00.000
458	7	16	41.2600	43.3230	2001-08-22 00:00:00.000	1	5		CTN	2001-08-22 00:00:00.000
458	51	17	41.4800	43.5540	2001-09-19 00:00:00.000	1	5		CTN	2001-09-19 00:00:00.000
459	7	16	45.3300	47.5965	2001-08-22 00:00:00.000	1	5		CTN	2001-08-22 00:00:00.000
459	51	17	37.4100	39.2805	2001-09-19 00:00:00.000	1	5		CTN	2001-09-19 00:00:00.000
460	7	16	41.2600	43.3230	2001-08-22 00:00:00.000	1	5		CTN	2001-08-22 00:00:00.000
460	51	17	35.4100	37.1805	2001-09-19 00:00:00.000	1	5		CTN	2001-09-19 00:00:00.000
461	51	17	39.4800	41.4540	2001-09-19 00:00:00.000	1	5		DZ 	2001-09-19 00:00:00.000
462	1	18	45.4100	47.6805	2001-09-27 00:00:00.000	1	5	3	CS 	2001-09-27 00:00:00.000
463	37	18	45.2600	47.5230	2001-09-27 00:00:00.000	1	5		CAN	2001-09-27 00:00:00.000
464	37	18	43.2600	45.4230	2001-09-27 00:00:00.000	1	5		CAN	2001-09-27 00:00:00.000
465	37	18	47.3300	49.6965	2001-09-27 00:00:00.000	1	5		CAN	2001-09-27 00:00:00.000
466	37	18	43.2600	45.4230	2001-09-27 00:00:00.000	1	5		CAN	2001-09-27 00:00:00.000
467	37	18	41.2600	43.3230	2001-09-08 00:00:00.000	1	5		CAN	2001-09-08 00:00:00.000
468	37	18	45.3300	47.5965	2001-09-14 00:00:00.000	1	5		CAN	2001-09-14 00:00:00.000
469	37	18	41.2600	43.3230	2001-09-14 00:00:00.000	1	5		CAN	2001-09-14 00:00:00.000
470	37	18	39.2600	41.2230	2001-09-14 00:00:00.000	1	5		CAN	2001-09-14 00:00:00.000
471	37	18	43.3300	45.4965	2001-09-14 00:00:00.000	1	5		CAN	2001-09-14 00:00:00.000
472	37	18	39.2600	41.2230	2001-09-14 00:00:00.000	1	5		CAN	2001-09-14 00:00:00.000
473	37	18	37.2600	39.1230	2001-09-21 00:00:00.000	1	5		CAN	2001-09-21 00:00:00.000
474	37	18	41.3300	43.3965	2001-09-21 00:00:00.000	1	5		CAN	2001-09-21 00:00:00.000
475	37	18	37.2600	39.1230	2001-09-21 00:00:00.000	1	5		CAN	2001-09-21 00:00:00.000
476	77	15	15.1300	15.8865	2001-09-20 00:00:00.000	100	1000	300	EA 	2001-09-20 00:00:00.000
477	77	15	11.1100	11.6655	2001-09-20 00:00:00.000	100	1000	300	EA 	2001-09-20 00:00:00.000
478	77	15	10.5600	11.0880	2001-09-26 00:00:00.000	100	1000		EA 	2001-09-26 00:00:00.000
479	77	15	15.1300	15.8865	2001-09-26 00:00:00.000	100	1000	300	EA 	2001-09-26 00:00:00.000
480	77	15	11.1100	11.6655	2001-09-26 00:00:00.000	100	1000		EA 	2001-09-26 00:00:00.000
481	77	15	10.5600	11.0880	2001-09-13 00:00:00.000	100	1000	300	EA 	2001-09-13 00:00:00.000
482	77	15	8.3400	8.7570	2001-09-13 00:00:00.000	100	1000	300	EA 	2001-09-13 00:00:00.000
483	77	15	9.2300	9.6915	2001-09-13 00:00:00.000	100	1000		EA 	2001-09-13 00:00:00.000
484	77	15	6.5500	6.8775	2001-09-13 00:00:00.000	100	1000	300	EA 	2001-09-13 00:00:00.000
485	77	15	7.4300	7.8015	2001-09-13 00:00:00.000	100	1000	300	EA 	2001-09-13 00:00:00.000
486	77	15	8.3400	8.7570	2001-09-13 00:00:00.000	100	1000		EA 	2001-09-13 00:00:00.000
487	77	15	5.5300	5.8065	2001-09-13 00:00:00.000	100	1000	300	EA 	2001-09-13 00:00:00.000
488	77	15	8.4400	8.8620	2001-09-13 00:00:00.000	100	1000	300	EA 	2001-09-13 00:00:00.000
489	77	15	9.9700	10.4685	2001-09-13 00:00:00.000	100	1000		EA 	2001-09-13 00:00:00.000
490	61	16	12.1100	12.7155	2001-09-27 00:00:00.000	1	5		CAN	2001-09-27 00:00:00.000
490	75	16	11.7700	12.3585	2001-09-28 00:00:00.000	1	5		CAN	2001-09-28 00:00:00.000
491	30	15	19.0300	19.9815	2001-09-26 00:00:00.000	1	5	3	CAN	2001-09-26 00:00:00.000
491	61	16	18.9900	19.9395	2001-09-27 00:00:00.000	1	5		CAN	2001-09-27 00:00:00.000
492	10	16	48.3300	50.7465	2001-09-21 00:00:00.000	20	100		GAL	2001-09-21 00:00:00.000
492	86	17	47.8700	50.2635	2001-09-19 00:00:00.000	20	100	60	GAL	2001-09-19 00:00:00.000
493	10	16	55.4900	58.2645	2001-09-21 00:00:00.000	20	100		GAL	2001-09-21 00:00:00.000
493	86	17	54.4300	57.1515	2001-09-19 00:00:00.000	20	100		GAL	2001-09-19 00:00:00.000
494	10	16	48.3300	50.7465	2001-09-27 00:00:00.000	20	100		GAL	2001-09-27 00:00:00.000
494	86	17	50.6700	53.2035	2001-09-25 00:00:00.000	20	100	60	GAL	2001-09-25 00:00:00.000
495	10	16	59.9300	62.9265	2001-09-27 00:00:00.000	20	100		GAL	2001-09-27 00:00:00.000
495	86	17	60.6600	63.6930	2001-09-25 00:00:00.000	20	100		GAL	2001-09-25 00:00:00.000
496	10	16	47.2900	49.6545	2001-09-27 00:00:00.000	20	100		GAL	2001-09-27 00:00:00.000
496	86	17	46.5800	48.9090	2001-09-25 00:00:00.000	20	100		GAL	2001-09-25 00:00:00.000
497	46	17	32.5600	34.1880	2001-09-25 00:00:00.000	1	5	3	CS 	2001-09-25 00:00:00.000
504	81	17	46.4400	48.7620	2001-09-25 00:00:00.000	1	5	3	CS 	2001-09-25 00:00:00.000
505	58	16	42.1100	44.2155	2001-09-28 00:00:00.000	1	5	3	CS 	2001-09-28 00:00:00.000
506	93	15	8.7600	9.1980	2001-09-26 00:00:00.000	20	100	60	DZ 	2001-09-26 00:00:00.000
507	4	15	22.2800	23.3940	2001-09-26 00:00:00.000	100	1000		EA 	2001-09-26 00:00:00.000
507	44	15	21.1100	22.1655	2001-09-26 00:00:00.000	100	1000		EA 	2001-09-26 00:00:00.000
508	4	15	26.3300	27.6465	2001-09-26 00:00:00.000	100	1000		EA 	2001-09-26 00:00:00.000
508	44	15	27.8900	29.2845	2001-09-26 00:00:00.000	100	1000		EA 	2001-09-26 00:00:00.000
509	53	16	34.5500	36.2775	2001-09-27 00:00:00.000	100	1000		EA 	2001-09-27 00:00:00.000
510	2	15	21.9800	23.0790	2001-09-26 00:00:00.000	100	1000	300	EA 	2001-09-26 00:00:00.000
510	56	18	22.2900	23.4045	2001-09-27 00:00:00.000	100	1000		EA 	2001-09-27 00:00:00.000
511	2	15	27.8800	29.2740	2001-09-26 00:00:00.000	100	1000	300	EA 	2001-09-26 00:00:00.000
511	56	18	26.5400	27.8670	2001-09-27 00:00:00.000	100	1000		EA 	2001-09-27 00:00:00.000
512	2	15	33.3100	34.9755	2001-09-26 00:00:00.000	100	1000	300	EA 	2001-09-26 00:00:00.000
512	92	17	35.3200	37.0860	2001-09-25 00:00:00.000	100	1000		EA 	2001-09-25 00:00:00.000
513	3	19	37.3300	39.1965	2001-09-28 00:00:00.000	100	1000		EA 	2001-09-28 00:00:00.000
513	11	17	25.3300	26.5965	2001-09-25 00:00:00.000	100	1000		EA 	2001-09-25 00:00:00.000
523	27	17	10.2200	10.7310	2001-09-25 00:00:00.000	100	1000	300	EA 	2001-09-25 00:00:00.000
523	66	16	9.8900	10.3845	2001-09-27 00:00:00.000	100	1000		EA 	2001-09-27 00:00:00.000
524	27	17	13.4500	14.1225	2001-09-25 00:00:00.000	100	1000	300	EA 	2001-09-25 00:00:00.000
524	96	18	12.3500	12.9675	2001-09-27 00:00:00.000	100	1000		EA 	2001-09-27 00:00:00.000
525	31	15	2.2100	2.3205	2001-09-26 00:00:00.000	100	1000		EA 	2001-09-26 00:00:00.000
526	26	15	3.4700	3.6435	2001-09-26 00:00:00.000	100	1000		EA 	2001-09-26 00:00:00.000
527	60	18	6.4300	6.7515	2001-09-27 00:00:00.000	100	1000		DZ 	2001-09-27 00:00:00.000
528	5	16	36.3400	38.1570	2001-09-28 00:00:00.000	1	5		CTN	2001-09-28 00:00:00.000
530	38	17	15.3200	16.0860	2001-09-29 00:00:00.000	100	1000		EA 	2001-09-29 00:00:00.000
535	17	15	3.3200	3.4860	2001-09-26 00:00:00.000	100	1000		EA 	2001-09-26 00:00:00.000
679	12	15	5.9000	6.1950	2001-09-26 00:00:00.000	100	1000	300	EA 	2001-09-26 00:00:00.000
679	64	15	5.5000	5.7750	2001-09-20 00:00:00.000	100	1000	300	EA 	2001-09-20 00:00:00.000
707	18	30	13.2500	13.0863	2004-04-13 00:00:00.000	4	200	25	EA 	2005-09-12 12:20:28.330
708	18	30	13.2500	13.0863	2004-10-23 00:00:00.000	4	200	25	EA 	2005-09-12 12:20:28.330
709	20	12	3.1000	3.4000	2004-11-22 00:00:00.000	100	500	150	EA 	2005-09-12 12:20:28.330
710	20	12	3.1200	3.4000	2004-11-22 00:00:00.000	100	500	150	EA 	2005-09-12 12:20:28.330
711	18	45	13.8800	13.0800	2004-08-02 00:00:00.000	50	750	300	EA 	2005-09-12 12:20:28.330
712	29	45	6.5500	6.9200	2004-07-14 00:00:00.000	100	1000	630	EA 	2005-09-12 12:20:28.330
713	29	45	37.4500	38.4900	2004-01-04 00:00:00.000	100	1000	600	EA 	2005-09-12 12:20:28.330
714	29	45	37.8000	38.4900	2004-01-04 00:00:00.000	100	1000	350	EA 	2005-09-12 12:20:28.330
715	29	45	37.8000	38.4900	2004-01-04 00:00:00.000	100	1000	100	EA 	2005-09-12 12:20:28.330
716	29	45	38.0500	38.7500	2004-01-04 00:00:00.000	100	1000	750	EA 	2005-09-12 12:20:28.330
841	29	60	26.7500	24.7500	2004-03-29 00:00:00.000	75	500	300	EA 	2005-09-12 12:20:28.330
842	65	120	54.2000	51.5600	2004-03-20 00:00:00.000	100	600	225	EA 	2005-09-12 12:20:28.330
843	65	10	8.5000	10.3100	2004-02-12 00:00:00.000	50	200	75	EA 	2005-09-12 12:20:28.330
844	65	25	8.5000	8.2500	2004-02-12 00:00:00.000	150	500	300	EA 	2005-09-12 12:20:28.330
845	65	25	10.7500	10.3000	2004-02-12 00:00:00.000	150	500	250	EA 	2005-09-12 12:20:28.330
846	65	30	4.5000	5.7700	2004-02-12 00:00:00.000	150	500	175	EA 	2005-09-12 12:20:28.330
847	65	30	14.5000	4.4300	2004-02-12 00:00:00.000	150	500	150	EA 	2005-09-12 12:20:28.330
848	65	45	15.7500	18.5600	2004-02-12 00:00:00.000	50	300	150	EA 	2005-09-12 12:20:28.330
849	102	45	24.7500	24.7500	2004-05-01 00:00:00.000	5000	10000	5000	EA 	2005-09-12 12:20:28.330
850	102	45	24.7500	24.7500	2004-05-01 00:00:00.000	5000	10000	5000	EA 	2005-09-12 12:20:28.330
851	102	45	24.7500	24.7500	2004-05-01 00:00:00.000	5000	10000	5000	EA 	2005-09-12 12:20:28.330
852	102	60	32.3500	30.9400	2004-06-14 00:00:00.000	500	8000	750	EA 	2005-09-12 12:20:28.330
853	102	60	32.3500	30.9400	2004-06-14 00:00:00.000	500	8000	750	EA 	2005-09-12 12:20:28.330
854	102	60	32.3500	30.9400	2004-06-14 00:00:00.000	500	8000	750	EA 	2005-09-12 12:20:28.330
855	102	60	38.5000	37.1000	2004-06-14 00:00:00.000	500	5000	1050	EA 	2005-09-12 12:20:28.330
856	102	60	37.5000	37.1000	2004-06-14 00:00:00.000	500	5000	1000	EA 	2005-09-12 12:20:28.343
857	102	60	37.5000	37.1000	2004-06-14 00:00:00.000	500	5000	1000	EA 	2005-09-12 12:20:28.343
858	95	15	8.7500	9.1500	2004-06-22 00:00:00.000	500	5000	700	EA 	2005-09-12 12:20:28.343
859	95	15	8.7500	9.1500	2004-06-22 00:00:00.000	500	5000	700	EA 	2005-09-12 12:20:28.343
860	95	15	8.7500	9.1500	2004-06-22 00:00:00.000	500	5000	700	EA 	2005-09-12 12:20:28.343
861	95	25	15.5000	15.6700	2004-06-22 00:00:00.000	500	5000	900	EA 	2005-09-12 12:20:28.343
862	95	25	15.5000	15.6700	2004-06-22 00:00:00.000	500	5000	900	EA 	2005-09-12 12:20:28.343
863	95	25	15.5000	15.6700	2004-06-22 00:00:00.000	500	5000	900	EA 	2005-09-12 12:20:28.343
864	95	35	23.2000	23.7500	2004-06-22 00:00:00.000	1000	7500	1250	EA 	2005-09-12 12:20:28.343
865	95	35	23.2000	23.7500	2004-06-22 00:00:00.000	1000	7500	1250	EA 	2005-09-12 12:20:28.343
866	95	35	23.2000	23.7500	2004-06-22 00:00:00.000	1000	7500	1250	EA 	2005-09-12 12:20:28.343
867	95	25	25.4500	26.1800	2004-06-22 00:00:00.000	1000	7500	2000	EA 	2005-09-12 12:20:28.343
868	95	25	25.4500	26.1800	2004-06-22 00:00:00.000	1000	7500	2000	EA 	2005-09-12 12:20:28.343
869	95	25	25.4500	26.1800	2004-06-22 00:00:00.000	1000	7500	2000	EA 	2005-09-12 12:20:28.343
870	6	45	1.8700	1.8700	2004-01-10 00:00:00.000	500	2500	1500	EA 	2005-09-12 12:20:28.343
871	6	45	3.7400	3.7400	2004-01-10 00:00:00.000	500	2500	500	EA 	2005-09-12 12:20:28.343
872	6	45	3.0000	3.3600	2004-01-10 00:00:00.000	500	2500	1000	EA 	2005-09-12 12:20:28.343
873	6	45	.8000	.8600	2004-01-10 00:00:00.000	1500	15000	8000	EA 	2005-09-12 12:20:28.343
874	20	25	3.0000	2.3600	2004-01-10 00:00:00.000	1500	15000	8000	EA 	2005-09-12 12:20:28.343
875	20	25	3.0000	2.3600	2004-01-10 00:00:00.000	1500	15000	8000	EA 	2005-09-12 12:20:28.343
876	6	45	48.0000	33.8800	2004-08-24 00:00:00.000	100	500	250	EA 	2005-09-12 12:20:28.343
877	6	45	3.0000	2.9700	2004-08-24 00:00:00.000	100	500	150	EA 	2005-09-12 12:20:28.343
878	6	45	8.2200	8.2200	2004-08-24 00:00:00.000	100	500	150	EA 	2005-09-12 12:20:28.343
879	6	45	49.0000	59.4600	2004-08-24 00:00:00.000	100	500	400	EA 	2005-09-12 12:20:28.343
880	6	45	19.0000	20.5600	2004-08-24 00:00:00.000	500	1500	1000	EA 	2005-09-12 12:20:28.343
881	29	30	40.0000	41.5700	2004-08-24 00:00:00.000	5000	10000	6000	EA 	2005-09-12 12:20:28.343
882	29	30	40.0000	41.5700	2004-08-24 00:00:00.000	5000	10000	6000	EA 	2005-09-12 12:20:28.343
883	29	30	40.0000	41.5700	2004-08-24 00:00:00.000	5000	10000	6000	EA 	2005-09-12 12:20:28.343
884	29	30	40.0000	41.5700	2004-08-24 00:00:00.000	5000	10000	6000	EA 	2005-09-12 12:20:28.343
907	94	19	78.8900	82.8345	2001-09-29 00:00:00.000	100	1000		EA 	2001-09-29 00:00:00.000
908	24	15	20.0900	21.0945	2001-09-27 00:00:00.000	100	1000		EA 	2001-09-27 00:00:00.000
908	45	17	20.0900	21.0945	2001-09-13 00:00:00.000	100	1000		EA 	2001-09-13 00:00:00.000
909	24	15	28.9900	30.4395	2001-09-27 00:00:00.000	100	1000	300	EA 	2001-09-27 00:00:00.000
909	45	17	28.9900	30.4395	2001-09-13 00:00:00.000	100	1000		EA 	2001-09-13 00:00:00.000
910	45	17	38.9900	40.9395	2001-09-20 00:00:00.000	100	1000		EA 	2001-09-20 00:00:00.000
910	52	18	38.9900	40.9395	2001-09-27 00:00:00.000	100	1000	300	EA 	2001-09-27 00:00:00.000
911	39	18	20.0900	21.0945	2001-09-27 00:00:00.000	100	1000		EA 	2001-09-27 00:00:00.000
911	45	17	20.0900	21.0945	2001-09-20 00:00:00.000	100	1000		EA 	2001-09-20 00:00:00.000
912	39	18	28.9900	30.4395	2001-09-27 00:00:00.000	100	1000		EA 	2001-09-27 00:00:00.000
912	45	17	28.9900	30.4395	2001-09-20 00:00:00.000	100	1000		EA 	2001-09-20 00:00:00.000
913	24	15	38.9900	40.9395	2001-09-27 00:00:00.000	100	1000	300	EA 	2001-09-27 00:00:00.000
913	45	17	38.9900	40.9395	2001-09-25 00:00:00.000	100	1000		EA 	2001-09-25 00:00:00.000
914	45	17	20.0900	21.0945	2001-09-25 00:00:00.000	100	1000		EA 	2001-09-25 00:00:00.000
914	87	15	20.0900	21.0945	2001-09-26 00:00:00.000	100	1000		EA 	2001-09-26 00:00:00.000
915	45	17	28.9900	30.4395	2001-09-06 00:00:00.000	100	1000		EA 	2001-09-06 00:00:00.000
915	87	15	28.9900	30.4395	2001-09-26 00:00:00.000	100	1000	300	EA 	2001-09-26 00:00:00.000
916	45	17	38.9900	40.9395	2001-09-06 00:00:00.000	100	1000		EA 	2001-09-06 00:00:00.000
916	87	15	38.9900	40.9395	2001-09-26 00:00:00.000	100	1000		EA 	2001-09-26 00:00:00.000
921	98	19	5.3200	5.5860	2001-09-29 00:00:00.000	100	1000		EA 	2001-09-29 00:00:00.000
922	22	19	6.2200	6.5310	2001-09-29 00:00:00.000	100	1000		EA 	2001-09-29 00:00:00.000
923	22	19	5.8900	6.1845	2001-09-29 00:00:00.000	100	1000		EA 	2001-09-29 00:00:00.000
928	55	19	31.2100	32.7705	2001-09-28 00:00:00.000	100	1000		EA 	2001-09-28 00:00:00.000
928	71	19	30.7100	32.2455	2001-09-29 00:00:00.000	100	1000		EA 	2001-09-29 00:00:00.000
929	55	19	35.3200	37.0860	2001-09-28 00:00:00.000	100	1000		EA 	2001-09-28 00:00:00.000
929	71	19	34.8200	36.5610	2001-09-29 00:00:00.000	100	1000		EA 	2001-09-29 00:00:00.000
930	55	19	40.9900	43.0395	2001-09-28 00:00:00.000	100	1000		EA 	2001-09-28 00:00:00.000
930	98	19	40.4900	42.5145	2001-09-29 00:00:00.000	100	1000		EA 	2001-09-29 00:00:00.000
931	33	19	32.7100	34.3455	2001-09-28 00:00:00.000	100	1000		EA 	2001-09-28 00:00:00.000
931	104	19	33.2100	34.8705	2001-09-28 00:00:00.000	100	1000		EA 	2001-09-28 00:00:00.000
932	33	19	37.3700	39.2385	2001-09-28 00:00:00.000	100	1000		EA 	2001-09-28 00:00:00.000
932	104	19	37.8700	39.7635	2001-09-28 00:00:00.000	100	1000		EA 	2001-09-28 00:00:00.000
933	22	19	41.3900	43.4595	2001-09-29 00:00:00.000	100	1000		EA 	2001-09-29 00:00:00.000
933	104	19	41.8900	43.9845	2001-09-28 00:00:00.000	100	1000		EA 	2001-09-28 00:00:00.000
934	22	19	35.8300	37.6215	2001-09-29 00:00:00.000	100	1000		EA 	2001-09-29 00:00:00.000
934	104	19	36.3300	38.1465	2001-09-28 00:00:00.000	100	1000		EA 	2001-09-28 00:00:00.000
935	73	15	29.9900	31.4895	2001-09-26 00:00:00.000	100	1000		EA 	2001-09-26 00:00:00.000
935	88	18	29.9900	31.4895	2001-09-27 00:00:00.000	100	1000	300	EA 	2001-09-27 00:00:00.000
936	73	15	45.9900	48.2895	2001-09-26 00:00:00.000	100	1000		EA 	2001-09-26 00:00:00.000
936	88	18	45.9900	48.2895	2001-09-27 00:00:00.000	100	1000	300	EA 	2001-09-27 00:00:00.000
937	43	18	59.9900	62.9895	2001-09-27 00:00:00.000	100	1000	300	EA 	2001-09-27 00:00:00.000
938	35	16	29.9900	31.4895	2001-09-28 00:00:00.000	100	1000	300	EA 	2001-09-28 00:00:00.000
938	53	16	29.9900	31.4895	2001-09-27 00:00:00.000	100	1000		EA 	2001-09-27 00:00:00.000
939	35	16	45.9900	48.2895	2001-09-28 00:00:00.000	100	1000	300	EA 	2001-09-28 00:00:00.000
939	53	16	45.9900	48.2895	2001-09-27 00:00:00.000	100	1000		EA 	2001-09-27 00:00:00.000
940	17	15	59.9900	62.9895	2001-09-26 00:00:00.000	100	1000		EA 	2001-09-26 00:00:00.000
941	80	17	59.9900	62.9895	2001-09-25 00:00:00.000	100	1000		EA 	2001-09-25 00:00:00.000
948	94	19	78.8900	82.8345	2001-09-29 00:00:00.000	100	1000		EA 	2001-09-29 00:00:00.000
952	72	19	14.9900	15.7395	2001-09-29 00:00:00.000	20	100	60	DZ 	2001-09-29 00:00:00.000
