1	322	11	E0D2C5DF-64F7-4F74-BE90-68069E9863B3	2001-08-01 00:00:00.000
2	369	15	2ECFF07F-4567-4688-B3AD-3007E128F95A	2002-08-01 00:00:00.000
2	791	11	42BF7C93-483D-4535-892A-E6EBE20C0147	2002-08-01 00:00:00.000
3	176	14	775F09D4-EC0E-4BA3-9F20-253CC0E63576	2001-09-01 00:00:00.000
3	916	15	890165D4-F6CD-4216-AFFE-76F4DD5C1573	2001-09-01 00:00:00.000
4	321	11	90355BC8-F281-4AD3-AC67-7283CFEEE000	2002-07-01 00:00:00.000
5	368	15	6B61D957-46E3-418E-9F8C-6FCCA8E0A558	2002-09-01 00:00:00.000
5	792	14	B65C554E-7395-490E-822C-2C69B84E3604	2002-09-01 00:00:00.000
6	177	14	851DF706-2883-4CE9-91DA-E7AFF26B5635	2003-09-01 00:00:00.000
6	917	11	23203F12-6F0E-4E11-83AC-5090BFFF4E12	2003-09-01 00:00:00.000
7	320	11	79365A07-C669-49B5-8910-B3E3A697F1EF	2002-07-01 00:00:00.000
8	367	15	CE739A87-0B3A-420D-A5F6-7D3488955A8C	2003-08-01 00:00:00.000
8	793	11	E2452D15-D0A5-49BA-AFF9-CBB393E53B2D	2003-08-01 00:00:00.000
9	165	14	975651F1-2D2F-410F-A0C1-DE1C51DA4F98	2002-11-01 00:00:00.000
9	918	15	7FB822C9-D639-43D4-8785-D3E69811006F	2002-11-01 00:00:00.000
10	319	11	2AD4189D-5A4A-46B2-9B04-976878C15C90	2002-09-01 00:00:00.000
11	366	15	079BDB1A-4961-4228-9A2E-6C70768E51EB	2001-08-01 00:00:00.000
11	794	14	FB599911-D2A9-4238-AF63-F92D0884A642	2001-08-01 00:00:00.000
12	166	14	35E3D5D3-5FD8-4ED8-BC06-89C2F6632BE7	2002-08-01 00:00:00.000
12	919	15	FE4EA528-86AB-4468-A3FA-26A857B95102	2002-08-01 00:00:00.000
13	72	11	796DCE88-BC96-4829-B2EC-2616AEE96F39	2002-08-01 00:00:00.000
14	365	15	D5544A7F-C8B9-4CA4-BE0B-6B1A32E198BD	2003-09-01 00:00:00.000
14	795	11	3C774DF8-6709-4C33-8F35-A0B9ECFAD96D	2003-09-01 00:00:00.000
15	167	14	F81E8783-BBC5-49D9-B7E3-C427F4D901C1	2003-09-01 00:00:00.000
15	920	11	CEA234FA-C2F5-4D90-B242-69FB4714A3F6	2003-09-01 00:00:00.000
16	71	11	DD9400AF-641A-4ED4-AC62-62B9247A5C15	2002-09-01 00:00:00.000
17	364	15	623C8165-5BA6-4F41-8D34-D2A537898F83	2001-07-01 00:00:00.000
17	796	11	95A22E5D-B191-44E9-AF1D-31C1233733E1	2001-07-01 00:00:00.000
18	521	14	E65CB580-AE42-486A-B1F5-6BBF40A5519E	2001-08-01 00:00:00.000
18	921	11	975C13B3-E06E-411C-B100-E221E754200C	2001-08-01 00:00:00.000
19	70	11	31840701-06B7-432D-BF37-D8E2B6D07422	2003-04-01 00:00:00.000
20	363	15	D07E91C5-6944-4AD3-9F9D-504A42A7AEE1	2001-09-01 00:00:00.000
20	797	14	F70CDA3D-A262-442C-A7E6-2603B715B714	2001-09-01 00:00:00.000
21	522	14	360647F1-4A09-4248-964C-EF1B56A1BEE7	2002-09-01 00:00:00.000
21	922	15	815B72DA-23EF-49DE-8489-D162B293680D	2002-09-01 00:00:00.000
22	102	11	1843159C-EFAB-48A7-9A6E-AC3AC529DFED	2001-08-01 00:00:00.000
23	362	15	30DB92A4-4C03-43C9-AC0E-44B83508A38A	2002-09-01 00:00:00.000
23	798	11	F1D84302-A4B2-4007-A033-E299345D6E67	2002-09-01 00:00:00.000
24	523	14	6B4B0342-715C-4828-BEEC-361C7C6A13DD	2002-09-01 00:00:00.000
24	923	11	9B3FDC8F-1C8D-40FF-AE4B-E7208452C5CD	2002-09-01 00:00:00.000
25	101	11	B3CF7FBF-9F56-4B44-AAED-6EEB934CFE07	2002-09-01 00:00:00.000
26	361	15	8139AE4E-7C16-457D-A6DA-AAB5EA4F5135	2001-12-01 00:00:00.000
26	799	11	8A1C8976-C41B-4C4E-8D69-214980172C9D	2001-12-01 00:00:00.000
27	524	14	1D8B15FE-74EA-4988-AE1F-16C66FC1D7A9	2001-07-01 00:00:00.000
27	924	15	24A4F440-657A-400B-BBFF-C3430A363791	2001-07-01 00:00:00.000
28	100	11	ED34727F-DCAF-46CD-8A7C-1568FC872BFA	2003-08-01 00:00:00.000
29	360	15	B08A1C5E-049E-4032-A1CD-2097264272F8	2001-08-01 00:00:00.000
29	800	14	FAEB5CC4-271E-484D-B038-A73F7F9F5CEE	2001-08-01 00:00:00.000
30	525	14	33F9ABE9-E462-4DB3-9B0F-FECC012A12CB	2002-09-01 00:00:00.000
30	925	11	9578578C-CFC8-490F-97EB-6B42FA89AB21	2002-09-01 00:00:00.000
31	326	11	F729997A-0C72-4361-9180-7B97E8E705E7	2003-08-01 00:00:00.000
32	359	15	B3721DCC-ADAA-46F5-890C-7AA3F40A47C3	2003-08-01 00:00:00.000
32	901	11	44553432-998C-491A-A413-2CFA019BCE25	2003-08-01 00:00:00.000
33	526	14	0CCE100C-27CC-4EF5-A14C-09F3CDC244BC	2003-09-01 00:00:00.000
33	926	15	A256A55E-8C5F-4C3D-91BA-DE0B5E655EAC	2003-09-01 00:00:00.000
34	325	11	98201AA9-934E-45EF-9F59-C24E35E24B76	2003-07-01 00:00:00.000
35	358	15	5FD16162-7660-4116-A56F-51AB443C2D9C	2003-07-01 00:00:00.000
35	902	11	D261ED18-32FD-4728-8F70-E83D29BB8378	2003-07-01 00:00:00.000
36	527	14	8DC43EA3-A96F-41D4-9A0A-B43604A8DBC8	2001-08-01 00:00:00.000
36	927	11	CF450E6E-48FA-4FE7-B0D3-510910BBDCAC	2001-08-01 00:00:00.000
37	324	11	098A493B-5F2F-4B4E-8428-B1CD85B9D69B	2002-09-01 00:00:00.000
38	357	15	B2F42DFA-ABAF-4FD8-9B21-78FD9D2738B6	2003-09-01 00:00:00.000
38	903	14	8BC0F0D0-85DD-4345-8390-142EFC363576	2003-09-01 00:00:00.000
39	528	14	A44C3DE3-AB1C-43FF-A303-C5270EE0076B	2002-09-01 00:00:00.000
39	928	15	5732B5EF-6026-43F1-94A9-6F96F1C14D6C	2002-09-01 00:00:00.000
40	323	11	92486BF6-B47E-40FB-8B49-7152E1E2B7D6	2001-08-01 00:00:00.000
41	356	15	5204BD68-8619-4AD8-B31C-070ADA85D746	2002-07-01 00:00:00.000
41	904	11	8274C290-90BC-4140-A896-F46BF25B147B	2002-07-01 00:00:00.000
42	529	14	3F2C1E5E-49CA-4AB5-B8F4-9171BACF1AF6	2002-07-01 00:00:00.000
42	929	11	E67AE982-4369-419C-9FCF-60548589EDFB	2002-07-01 00:00:00.000
43	500	11	D6DB7122-1E4D-44EA-A6A6-494949085E19	2002-08-01 00:00:00.000
44	355	15	8C5F3930-38B8-485B-B02C-679FF2C4D6C9	2003-09-01 00:00:00.000
44	905	11	A93344B1-482E-47DC-A06D-4BA7B8FE234A	2003-09-01 00:00:00.000
45	530	14	76B6E571-10F2-4178-AD75-5426098C6023	2001-08-01 00:00:00.000
45	930	15	9CD3F87A-E2F3-4850-8B75-847B657F1593	2001-08-01 00:00:00.000
46	499	11	9C449F15-F46D-4A98-8729-F51291398ECF	2002-12-01 00:00:00.000
47	354	15	41C0A835-9605-48EE-82AB-7A19D416024B	2001-09-01 00:00:00.000
47	906	14	B66998DE-E671-450B-B586-EA165E1BB3F7	2001-09-01 00:00:00.000
48	531	14	90D1EE6B-4808-407F-B2E7-5376093B8203	2003-09-01 00:00:00.000
48	931	15	23B0730E-C65C-4B95-8CF1-733D453EA082	2003-09-01 00:00:00.000
49	498	11	942B4E14-FFDF-4959-A323-4D3399381C88	2003-09-01 00:00:00.000
50	353	15	46C6E452-5198-457E-9B8C-5897F48ED1A0	2003-10-01 00:00:00.000
50	907	11	5835D667-6A86-430A-B458-011A7CB56052	2003-10-01 00:00:00.000
51	532	14	22A0AAE7-A91F-48E0-96BC-DB7AD047BDFB	2003-09-01 00:00:00.000
51	932	11	5F22A23D-D8C1-4889-8939-7083102B293F	2003-09-01 00:00:00.000
52	497	11	72A03FF9-ADC6-4F33-92A4-FD8D01F52186	2003-09-01 00:00:00.000
53	352	15	3922F28D-EC29-4574-B4C1-7C320A5EB237	2003-09-01 00:00:00.000
53	908	11	0BAB655C-054F-4867-9080-5FD5054B9481	2003-09-01 00:00:00.000
54	533	14	64399E05-213D-4806-AB0B-50CD7EC86C4F	2001-09-01 00:00:00.000
54	933	15	DC198C81-6701-4167-B20A-9C9CAD53BEB2	2001-09-01 00:00:00.000
55	496	11	8DB582A7-C690-4013-814D-CF1B04E1CFCD	2003-09-01 00:00:00.000
56	351	15	BC484E1E-C962-4BB8-BD1D-DC311CB05F6E	2002-08-01 00:00:00.000
56	909	14	821A7CFF-BD25-441E-A6FA-21B841E82C51	2002-08-01 00:00:00.000
57	534	14	D80AFDA7-49C8-457E-AAEA-5817FFA22502	2001-09-01 00:00:00.000
57	934	15	508BA472-0B93-4E1D-954D-56D27E9D3736	2001-09-01 00:00:00.000
58	495	11	18D03290-8468-42B3-9F85-226AD32E33EA	2001-11-01 00:00:00.000
59	350	15	C2FD5416-3029-4D4D-B6DE-8F8204F00EB9	2003-09-01 00:00:00.000
59	910	11	E0B4F736-0548-46B1-9B06-51D7113F040F	2003-09-01 00:00:00.000
60	535	14	65744271-F0B7-4A3E-8FBA-511D254CC618	2003-09-01 00:00:00.000
60	935	11	5E4F95A4-0F6D-47A3-9CD0-53FE95CA84C3	2003-09-01 00:00:00.000
61	494	11	76EEC44C-D16D-47FA-A17D-B01ABFB76717	2002-09-01 00:00:00.000
62	349	15	ED31456E-4B95-4B31-B1F8-ED538F67ABAC	2002-08-01 00:00:00.000
62	911	11	BAA1C143-B66A-4185-B17A-3990D39F13EB	2002-08-01 00:00:00.000
63	536	14	D0DA9F47-3851-4384-A0AC-0A1FB506B207	2001-08-01 00:00:00.000
63	936	15	95EE223A-25B2-4EB2-AC30-D0C8AB477593	2001-08-01 00:00:00.000
64	493	11	91A73FC4-045D-4788-863C-EBCD8A0D3ADA	2003-08-01 00:00:00.000
65	348	15	1A3800C0-7C47-4A56-96C2-23B3D0469715	2002-08-01 00:00:00.000
65	912	14	11B9B2C1-A5EF-4146-8D73-FAD3A8745E1C	2002-08-01 00:00:00.000
66	246	14	1571AE41-BF1F-4F8E-84C9-B29A601FD41B	2002-08-01 00:00:00.000
66	937	15	13D4C7F0-13AB-496B-BB3B-6B525F9BD65D	2002-08-01 00:00:00.000
67	492	11	FF71D4D7-6697-40EB-B200-4284B4490A6A	2002-09-01 00:00:00.000
68	121	15	9FE5A787-24CE-4E5B-9F4E-201477616DC5	2003-08-01 00:00:00.000
68	913	11	1C64AACF-B0F5-4B82-8FF7-72C4EC0C9102	2003-08-01 00:00:00.000
69	247	14	E9B9626C-82B2-4E0D-93C3-04A6A3CB9C36	2003-09-01 00:00:00.000
69	938	11	926D2ADA-2D8C-48E6-8253-448AAEFF804D	2003-09-01 00:00:00.000
70	491	11	6835335D-E7F4-4F3E-B37E-95319EDADC91	2003-08-01 00:00:00.000
71	120	15	A09848FF-D6B4-4681-B812-DD0C956A43AE	2003-08-01 00:00:00.000
71	914	11	B48F5FEB-977F-40F7-BA28-4EF16245C681	2003-08-01 00:00:00.000
72	248	14	AC3292EA-F8E0-43E7-B4E8-8D4E32DAC5D4	2002-09-01 00:00:00.000
72	939	11	50BFBB8B-7552-4863-BC3A-6A8FFE8BD42F	2002-09-01 00:00:00.000
73	490	11	039B9BE8-A1D3-47AA-8753-D74A874F1B92	2001-08-01 00:00:00.000
74	119	15	4930F1A7-B6F5-404E-8793-90FEBA0CE307	2001-11-01 00:00:00.000
74	915	14	9E177B86-EAA7-4847-BB3B-249402F617E6	2001-11-01 00:00:00.000
75	249	14	ADD62433-24E2-472E-87E5-93BF4246D853	2001-09-01 00:00:00.000
75	940	15	5D30B79A-38F6-453D-BD53-7B3B3782BAC5	2001-09-01 00:00:00.000
76	489	11	5A44F45F-68C0-4428-8E57-28E5510253F0	2001-09-01 00:00:00.000
77	133	15	DBEF64B4-071B-4D7B-A9BC-D60B26F2DCDF	2002-08-01 00:00:00.000
77	942	14	85740D26-7409-4A81-A310-68908CC17D47	2002-08-01 00:00:00.000
78	250	14	7CCB434C-B2FD-41EC-AA8B-7FFDF18D5364	2001-08-01 00:00:00.000
78	941	11	3028C29B-F646-4B38-A93A-DCE9CAA3D22F	2001-08-01 00:00:00.000
79	488	11	4D0954AA-3D0B-4540-B555-D3CB5FA79472	2002-08-01 00:00:00.000
80	132	15	0A073093-2B68-41C4-A611-73C53589D2D1	2003-08-01 00:00:00.000
81	251	14	625F7916-D343-4FFA-AEE0-48DFEF954304	2002-07-01 00:00:00.000
82	487	11	9FD02978-BC23-4194-9D72-6191EA246049	2002-07-01 00:00:00.000
83	131	15	68D23ECA-8F67-4115-B3D2-DEDA34747D8D	2001-07-01 00:00:00.000
84	252	14	F791339F-D39C-4EE9-863C-508523790056	2001-08-01 00:00:00.000
85	486	11	1B6D4E1A-8434-4A55-B035-C6C264B20163	2003-08-01 00:00:00.000
86	173	15	0DBAA7D7-A8F9-4BB4-8E33-2385C59BCCCD	2003-07-01 00:00:00.000
87	253	14	FCF490BB-6E08-453B-8A56-DB8A64E44643	2003-08-01 00:00:00.000
88	485	11	B873B820-C0E8-49C0-BA1A-AFC47EF609CA	2003-09-01 00:00:00.000
89	172	15	1E9C8E07-42A1-4105-BC7E-54D7FD9DC422	2002-08-01 00:00:00.000
90	254	14	11D8F4E4-6E9D-4226-81B0-7C24029457FF	2002-09-01 00:00:00.000
91	484	11	6BB46F01-A386-429A-9892-D19CE5C7D099	2001-09-01 00:00:00.000
92	171	15	3008040E-5980-4614-8822-6552F4A0D1E4	2001-09-01 00:00:00.000
93	255	14	86D07779-CA5A-462B-9650-19422E13DA17	2001-09-01 00:00:00.000
94	483	11	5DFAB8C0-2AC5-4687-9653-8C5B16C743A0	2002-07-01 00:00:00.000
95	170	15	4B1511E1-3A5E-41B3-8878-9BBC5C0C0D7C	2003-07-01 00:00:00.000
96	509	14	F3DA0F94-72CA-4FB0-9AB2-08AE30ECB69A	2001-09-01 00:00:00.000
97	482	11	2A63C5D9-AF79-4953-A9BA-87A93B305A05	2002-08-01 00:00:00.000
98	222	15	2F1FC1E5-7AEC-4195-98F1-FD6ACF5E630A	2002-09-01 00:00:00.000
99	510	14	A8F54900-CAB6-462A-B37B-C0AF71D8ED69	2001-08-01 00:00:00.000
100	481	11	4D613572-05B2-4C02-90FE-0A23189EA23A	2003-08-01 00:00:00.000
101	221	15	3C601DD6-C485-43FC-8D44-25D90F3E8905	2002-08-01 00:00:00.000
102	511	14	62596D95-9F56-4325-91E1-EA65F84FA18E	2001-08-01 00:00:00.000
103	850	11	C1EB79A6-09C0-4838-A2B9-8AA3BBA8A114	2003-08-01 00:00:00.000
104	220	15	FACE66F1-A578-4F77-B979-EFE8F9486BF7	2003-09-01 00:00:00.000
105	512	14	57A81BB4-608F-44C6-BFCB-DEDC48DEA390	2003-09-01 00:00:00.000
106	849	11	6008AA4D-275A-4210-A843-D57FEF95472B	2003-09-01 00:00:00.000
107	219	15	4DA8C126-E702-4724-B20A-58373A1D3724	2001-08-01 00:00:00.000
108	513	14	A0DA8554-3A6B-4ED2-9AFC-5CEEC7D8519B	2002-08-01 00:00:00.000
109	848	11	7D0BEB1B-5FB3-4A64-B927-051E54A78823	2003-09-01 00:00:00.000
110	847	11	B98A6AC0-F46F-41D7-BC0D-AF4DFA45C445	2003-07-01 00:00:00.000
111	218	15	EF316553-EB56-4FF1-897E-383B5F8A67E1	2001-12-01 00:00:00.000
112	514	14	CDC16472-8A98-4FFD-80A3-84B58DE7A0AF	2003-09-01 00:00:00.000
113	846	11	CEED4843-33CD-44F6-8B8A-74D5B84FACC3	2003-09-01 00:00:00.000
114	217	15	F4500B5D-9E7E-44CE-9ECC-02C5A15A5475	2001-09-01 00:00:00.000
115	515	14	140B76DF-457F-45B5-95DB-CBBE103BB0B2	2002-08-01 00:00:00.000
116	845	11	EB05E5BB-47AF-4002-8BDE-A28761255C18	2001-09-01 00:00:00.000
117	216	15	20309C0D-0573-43D7-8FE4-B7FF1175E377	2001-07-01 00:00:00.000
118	516	14	9E2C3C52-BB1A-4881-8968-B1AA36FBF612	2001-09-01 00:00:00.000
119	844	11	7E294802-7AA0-47C2-A095-515DFBEBCF83	2001-07-01 00:00:00.000
120	215	15	F3BDF7DD-21A0-4E6F-8071-1095548573EB	2003-07-01 00:00:00.000
121	517	14	9F81C31F-E084-454F-836C-A428393E1325	2002-09-01 00:00:00.000
122	843	11	0927E8BE-5F78-4204-B910-AE0626174F89	2003-09-01 00:00:00.000
123	214	15	6A15B981-CF58-4AD5-8660-1455FFBFB962	2003-07-01 00:00:00.000
124	518	14	A58C54C2-2852-4608-9017-A2B934D7F925	2002-08-01 00:00:00.000
125	842	11	BE3542D7-B663-4A4F-9F89-E27550ED22EC	2002-07-01 00:00:00.000
126	213	15	8ACE514E-1C33-4FC0-9B43-4A58B5983FDD	2001-12-01 00:00:00.000
127	519	14	6BB85911-0EA1-4EAB-B1B7-27185A65CB29	2002-08-01 00:00:00.000
128	841	11	3090FE79-8225-4ED9-9179-0B3E89AA2CD8	2002-06-01 00:00:00.000
129	212	15	4E74EA40-DE22-407E-BA11-8EC7F9F902F0	2001-11-01 00:00:00.000
130	520	14	E159DF44-8BD9-405F-BAB9-6E87CBB66A2D	2002-09-01 00:00:00.000
131	840	11	C8696B59-2D75-4A22-B9DA-C9A04A7C8992	2003-08-01 00:00:00.000
132	211	15	92554BFA-A030-4D2C-915B-F600FD95DCA6	2003-08-01 00:00:00.000
133	344	14	11E3B847-393F-4842-8840-6ACB5034B64D	2002-09-01 00:00:00.000
134	839	11	B1B771BC-C5C9-4022-9AD6-FFB94BBE00F0	2003-08-01 00:00:00.000
135	210	15	95DCC232-493E-46DE-B82E-BC9FF2003FDC	2002-08-01 00:00:00.000
136	345	14	B37E0FD6-CB0B-475A-A167-A10A69BFBC0B	2001-08-01 00:00:00.000
137	64	11	246235E8-6FA9-4013-95FF-A1B38E2C3E93	2001-11-01 00:00:00.000
138	209	15	829E9BEF-41CF-427F-8F58-631A412D0547	2003-08-01 00:00:00.000
139	346	14	B96CA271-693F-4D7C-ACA7-8737FD4555B1	2002-07-01 00:00:00.000
140	63	11	4C519037-3B5B-48F2-A4E6-8BD6CB5E8308	2002-07-01 00:00:00.000
141	208	15	CE278D09-5D21-4FCE-B086-D52EB91F74F1	2003-08-01 00:00:00.000
142	347	14	B67EC0E3-051B-4A50-8860-95AC1B29E3F7	2003-09-01 00:00:00.000
143	115	11	BAA61F38-618B-407A-81D6-6CB5304D8BAF	2001-09-01 00:00:00.000
144	207	15	683A9A7F-2124-4F9D-9D07-CD50F118F829	2001-08-01 00:00:00.000
145	116	14	0155E843-7DA8-42B2-9B06-C27BF64E8BD9	2001-08-01 00:00:00.000
146	114	11	BDE5577B-5E14-46B8-8E82-E81CDDBC4C68	2001-07-01 00:00:00.000
147	206	15	80CD857F-728F-4AC8-ACB3-2BFF46D7DCCC	2002-09-01 00:00:00.000
148	117	14	13B0B15F-21CE-45E3-BF4C-B8B713D91043	2001-11-01 00:00:00.000
149	113	11	C7CEF0B0-C20C-4020-A915-5902FA144278	2002-09-01 00:00:00.000
150	205	15	15CC3C01-19A7-4E8B-BEDD-64E26E47ADAA	2002-08-01 00:00:00.000
151	118	14	D336B452-5E48-4365-A244-4873E3830244	2002-09-01 00:00:00.000
152	180	11	CFE2496B-650F-45F5-B5BD-823FF67CC1F3	2002-08-01 00:00:00.000
153	112	15	6FA3ECAD-7DDF-489D-8C16-3379DE811AA0	2003-10-01 00:00:00.000
154	168	14	4660EF85-C30B-4470-9AD5-303288F4CEA7	2003-09-01 00:00:00.000
155	179	11	46B8E69C-9225-4EBE-A333-A74CFF10F92E	2001-09-01 00:00:00.000
156	111	15	93554D92-9F23-499F-81CF-FE8D7445C5CE	2001-09-01 00:00:00.000
157	169	14	8E6F1EBA-F4B7-4901-B2D3-FF636B80A326	2002-08-01 00:00:00.000
158	178	11	9F449B26-2813-4363-A6F4-72D35C81BEF0	2002-08-01 00:00:00.000
159	83	15	D8C4FA47-8830-4374-B0F9-8754B0FAE960	2003-08-01 00:00:00.000
160	184	14	C5CEBF6D-4C8C-4438-8DAA-FA4337C012FA	2002-09-01 00:00:00.000
161	265	11	FE77EB05-0558-4DDE-AA9D-5ADC983217D7	2001-07-01 00:00:00.000
162	82	15	284A0DF3-46F6-4D2A-B329-CAC3E1CB18E4	2001-11-01 00:00:00.000
163	185	14	3CED923E-1318-43DD-A29C-93075308E097	2003-09-01 00:00:00.000
164	264	11	09A2696E-85D7-421E-820C-58DDE4711372	2001-08-01 00:00:00.000
165	108	15	D5EFE44C-DBAF-40EB-8562-10AEE90D1AC4	2002-09-01 00:00:00.000
166	186	14	4361421A-E6D7-42B7-855D-E9C5A45501F0	2001-07-01 00:00:00.000
167	263	11	AAFCF9BC-1E14-4A8C-8F98-A21516C4418D	2001-08-01 00:00:00.000
168	107	15	0DA8CE64-E202-473F-91E9-57A836C6891D	2002-09-01 00:00:00.000
169	257	14	215B7F45-C07A-44B5-B808-A2D2F8C3598C	2001-09-01 00:00:00.000
170	262	11	9B345FBF-53B1-4EAC-892F-817E0745D079	2001-09-01 00:00:00.000
171	106	15	F6B1EA42-B312-48E0-B291-F2C17897DE00	2003-09-01 00:00:00.000
172	258	14	3ADA26BC-B41F-4FC6-A94B-C294B55D42AC	2001-09-01 00:00:00.000
173	261	11	882A0D8B-31E4-4251-A28C-49BB5311A7E1	2001-09-01 00:00:00.000
174	105	15	CD472FF6-80FD-4C74-9133-E7B08A6A9C42	2001-09-01 00:00:00.000
175	259	14	D55D995B-935F-43CC-8509-FD31D1F2B5F9	2002-08-01 00:00:00.000
176	78	11	1EE89F27-A9CB-470B-AE44-C8EF791DF7F1	2003-09-01 00:00:00.000
177	199	15	6C6502BC-A344-4815-8875-2AB0F545313D	2003-07-01 00:00:00.000
178	260	14	4FDA90C7-31CF-4361-95E9-865C1C55C5E4	2003-08-01 00:00:00.000
179	77	11	38BD7825-CD01-4D4F-AAEF-A422160121C3	2003-09-01 00:00:00.000
180	198	15	E5E39FAA-5E94-41FC-B729-25E113AC961C	2001-09-01 00:00:00.000
181	501	14	25AB6AE1-15CC-4D8E-AF2C-9AF086F82BC1	2003-08-01 00:00:00.000
182	76	11	EDF09649-2401-4110-9978-F0426D32D6D8	2003-09-01 00:00:00.000
183	197	15	A1D237D5-C9F9-4706-8599-6DF80F4EF6E0	2002-07-01 00:00:00.000
184	502	14	690D8A6D-E681-4810-9C70-06EEC869553A	2002-07-01 00:00:00.000
185	453	11	C81E0103-01DD-40F4-B294-ABD2702DD704	2003-07-01 00:00:00.000
186	196	15	45BDFE6C-ACB8-41F2-A855-2B8B3E3635F9	2003-09-01 00:00:00.000
187	503	14	3C087506-0647-4212-AA01-7FD529A5802D	2001-09-01 00:00:00.000
188	452	11	2F36C72E-9849-485C-A38A-9E5B43337A60	2001-09-01 00:00:00.000
189	195	15	942C02FE-F9C4-406D-99CC-41B5E084741A	2001-09-01 00:00:00.000
190	504	14	B349CE9A-8222-4EF0-8E5B-93117E2E1153	2003-09-01 00:00:00.000
191	451	11	91DC23CC-6290-4B44-BA17-9B654F8F1FAD	2001-08-01 00:00:00.000
192	194	15	03E80F1F-EB89-48A7-BA21-49D8B6F0BE23	2001-08-01 00:00:00.000
193	505	14	D5B0E0CE-BED2-4CC1-9F1D-AAEBAE2BF7A4	2003-08-01 00:00:00.000
194	450	11	85417179-090B-4EE8-ABE0-B86F69613450	2003-08-01 00:00:00.000
195	193	15	0B5C9B39-AB60-4252-BFEA-4A9C69BF44A2	2003-09-01 00:00:00.000
196	506	14	36895235-AE1B-4121-BEBA-081EC086EE7A	2003-07-01 00:00:00.000
197	449	11	C90E3A63-A2F5-497B-BF30-84F40359E5EC	2002-09-01 00:00:00.000
198	81	15	22C85064-DB25-4856-9446-DEF85BDF71D7	2001-11-01 00:00:00.000
199	507	14	D8D20894-E6E3-4B20-96CA-6B6962ACA8F2	2003-08-01 00:00:00.000
200	448	11	CD5B9871-9B83-4BFF-B952-EE7DCE114DF1	2001-07-01 00:00:00.000
201	80	15	4AD3E9A8-C7C3-4458-AE1E-95355FF40C26	2003-09-01 00:00:00.000
202	508	14	D8E7F9A1-284E-40FE-B9B8-012BE73E059E	2003-09-01 00:00:00.000
203	447	11	D764DBD2-930B-4C9F-AF91-F07A3591DB76	2001-07-01 00:00:00.000
204	79	15	A87316B2-9D1E-463F-A8DB-CC6D964D5CDA	2001-07-01 00:00:00.000
205	557	14	53B3B472-3194-4DB7-90FD-6B2E0961818A	2003-07-01 00:00:00.000
206	446	11	96501C13-42FD-4B64-9F2C-4A3860BF237C	2001-08-01 00:00:00.000
207	62	15	3A96DCAD-134D-4A3D-8D7B-DA6161AFB3D4	2002-08-01 00:00:00.000
208	558	14	40ADC172-F049-433E-A2EB-B6C0D31AC48F	2001-08-01 00:00:00.000
209	445	11	AB43EBFA-6C39-49A9-BF9C-619758E4C42B	2001-08-01 00:00:00.000
210	61	15	97B56BAD-3E6A-4811-AC22-61794C442216	2001-08-01 00:00:00.000
211	559	14	A74009CB-9661-4035-9677-920B2F32E7CB	2002-11-01 00:00:00.000
212	444	11	4BEF8034-A6C5-470E-813B-E9A818E44CFD	2003-09-01 00:00:00.000
213	60	15	4A4E3517-F78C-477E-BF5A-71F99D51293B	2003-08-01 00:00:00.000
214	560	14	E12D4269-7C5B-4BD9-ACC0-C02EE3E7C33D	2002-08-01 00:00:00.000
215	443	11	F24BF3CB-B21A-4A2B-9D0F-082DF203C0EB	2001-10-01 00:00:00.000
216	127	15	9565A550-DA1E-4F55-8477-A30B69A0512C	2001-09-01 00:00:00.000
217	561	14	36D747E7-ACE9-4AB2-BD74-49106F2C9A45	2002-11-01 00:00:00.000
218	442	11	EE9323FF-C494-452C-A674-553334E517CD	2001-08-01 00:00:00.000
219	441	11	8BFB2BF8-33BF-4D42-A011-6B394362622E	2003-03-01 00:00:00.000
220	126	15	0B4D95DA-137F-4E7D-8542-2DF6FB322477	2003-07-01 00:00:00.000
221	562	14	EE970463-2F4A-436F-9640-2503BE8CF13B	2001-07-01 00:00:00.000
222	440	11	75DAA0FE-C3BC-403F-A6F3-52B394A56BE2	2001-09-01 00:00:00.000
223	434	15	F98D759A-0AC5-4F75-BF7C-7F953EE3E2A0	2003-09-01 00:00:00.000
224	563	14	36C8453C-FB04-40BA-B9AC-4240D984D8D1	2002-08-01 00:00:00.000
225	439	11	A39094C7-7C0E-48EB-80A4-D2A08F70E05F	2002-09-01 00:00:00.000
226	433	15	8BCB5FA6-7BC9-40D5-8371-45566B050AD4	2002-08-01 00:00:00.000
227	564	14	3A086351-5B01-4210-AD71-42F4068F7FB4	2001-07-01 00:00:00.000
228	438	11	80EA3020-0839-4386-977A-4F0F55B934B1	2003-09-01 00:00:00.000
229	432	15	BFFA5C67-A265-4ABE-B16D-29B2167A28BA	2002-07-01 00:00:00.000
230	565	14	13A5CD0F-EF8A-4392-91AF-A2D3730BF34D	2003-08-01 00:00:00.000
231	130	11	F45F1F3A-1871-4159-8C31-2035BE2842A0	2003-07-01 00:00:00.000
232	431	15	67548814-068D-4E27-8F92-6B800FC84974	2003-07-01 00:00:00.000
233	566	14	E17C40AF-19CA-4C30-B42B-182792D2D20C	2002-08-01 00:00:00.000
234	129	11	A758C8DB-DCD7-471D-A354-A90D317D98C0	2002-07-01 00:00:00.000
235	430	15	D3D66BEF-3E11-47EC-A725-5B7AD3D42CC1	2002-09-01 00:00:00.000
236	567	14	A66C7DAC-A289-4AA0-91F3-DCA343FCE092	2002-08-01 00:00:00.000
237	128	11	81A5AE1B-D6CC-4260-A7BB-AC13DDEA5919	2002-08-01 00:00:00.000
238	429	15	3B3CCC41-BA7B-407F-8C1C-B176836C0D2F	2001-09-01 00:00:00.000
239	568	14	7AF6C444-1B88-4F47-9E0E-2D1780D979D0	2002-09-01 00:00:00.000
240	881	11	D1450B38-966C-4309-AB77-DF308D4C7094	2001-08-01 00:00:00.000
241	428	15	3C821475-40C3-4D87-8FD0-D1DC80E6373B	2003-07-01 00:00:00.000
242	569	14	94074823-7DB7-442B-8F67-0DC3A5EF8459	2002-07-01 00:00:00.000
243	880	11	A149CA04-90C6-47D6-BAD2-FA469B091C4F	2003-06-01 00:00:00.000
244	427	15	B7D5A135-E9A3-432C-873E-318F9D74C11D	2004-06-01 00:00:00.000
245	570	14	70B1D4B5-4BF2-4924-BF2F-8D05091B7626	2002-07-01 00:00:00.000
246	879	11	B14C69DF-4C91-4885-9E49-A9B149EC5B5E	2002-07-01 00:00:00.000
247	426	15	62C33381-415F-4010-8363-95D6B918D00A	2002-08-01 00:00:00.000
248	571	14	37634B3B-8B64-44E7-A1A1-96FAFB30EF02	2003-10-01 00:00:00.000
249	878	11	0A186D88-4C86-4546-9AE1-714627FDA3F4	2003-09-01 00:00:00.000
250	425	15	9FBC01EE-6ED0-45D8-94F6-799716F6E3CF	2003-08-01 00:00:00.000
251	572	14	71BE6C00-5FB3-4E7B-8240-3B14FEBFE5BD	2003-08-01 00:00:00.000
252	877	11	3EC2C306-E12A-42CF-B027-5866B5978B58	2001-10-01 00:00:00.000
253	424	15	08F9459D-18D4-419A-82AD-13D594D7844D	2002-07-01 00:00:00.000
254	91	14	36A1C94D-A470-481A-A2F6-BE56C56C3112	2002-09-01 00:00:00.000
255	876	11	19DAF21C-07C1-449A-8B8C-DCC0FF12F7D1	2001-08-01 00:00:00.000
256	423	15	C34AED4B-5C42-4B9C-8646-66B4A954B2E1	2001-08-01 00:00:00.000
257	92	14	A188E77B-A66F-4D28-816D-B75F84F45F91	2002-08-01 00:00:00.000
258	875	11	7DC87A71-50CC-40C9-A6E8-897358A61460	2002-08-01 00:00:00.000
259	422	15	1383FB7E-EAD7-4866-BB58-5B265FA53B77	2001-08-01 00:00:00.000
260	93	14	0D132317-F658-4781-B0C3-BFC6FB787D2B	2003-08-01 00:00:00.000
261	874	11	91DA0704-8CD4-4E11-ACAF-4CC606007CF4	2003-08-01 00:00:00.000
262	421	15	B1C76C1A-BE75-4FEB-AC3D-DD77528B9830	2002-09-01 00:00:00.000
263	145	14	22FBDFF2-C087-4F17-89CB-162E9189106C	2003-08-01 00:00:00.000
264	873	11	CB539B88-0905-47C6-AE50-1113F49121B4	2003-08-01 00:00:00.000
265	150	15	88D65E33-F451-457B-A83D-02AFE6860337	2002-07-01 00:00:00.000
266	146	14	6CF9F7EA-D768-4B07-A456-25AF48F43BD2	2003-08-01 00:00:00.000
267	872	11	3507D10B-5D14-4799-B36E-9B03BC679E01	2003-09-01 00:00:00.000
268	149	15	2A70631F-5986-4A10-BFE6-7381B2D5FE0B	2003-09-01 00:00:00.000
269	147	14	41BA23CE-88CD-4B96-AB3C-CE89652FBEC9	2001-07-01 00:00:00.000
270	871	11	D6CEF599-1A0A-490A-A596-9A9F0599803F	2001-08-01 00:00:00.000
271	148	15	1333CA7B-CE8A-4DF5-BE06-8593C51E7A75	2001-11-01 00:00:00.000
272	161	14	4612609F-2324-4328-9E66-B6CCBAFBA03A	2001-09-01 00:00:00.000
273	870	11	6715BB74-CD7E-4E93-8E22-095A360C7398	2001-09-01 00:00:00.000
274	331	15	5870421E-E9C6-4B57-BCDC-4EA72EE82A5D	2002-07-01 00:00:00.000
275	162	14	C6F8CB95-8448-4754-B667-039B7FE6D81A	2003-07-01 00:00:00.000
276	869	11	95E6E287-F8F5-4093-ACF1-21EB205BBC73	2003-09-01 00:00:00.000
277	330	15	594E11A2-3CCB-43AE-B991-6F5C368BA74D	2002-09-01 00:00:00.000
278	163	14	D72967DD-DC2B-40A5-AF51-55B7E8A01DF2	2001-08-01 00:00:00.000
279	868	11	954917AE-F4BC-4C83-90CB-F6E930A8AEFD	2001-09-01 00:00:00.000
280	329	15	98E02EE1-3741-4F76-9151-05FF52F23118	2002-08-01 00:00:00.000
281	164	14	30F34047-DBD6-40F8-A13A-5703ECA02504	2003-09-01 00:00:00.000
282	867	11	FA4C4724-BBE1-42AD-BA28-CAFFCAFE6FB7	2003-09-01 00:00:00.000
283	328	15	2955D5F4-5430-4A5E-854D-D3A8263F16AC	2003-08-01 00:00:00.000
284	234	14	FF5F44A0-F2EA-46CA-BB13-CFDF17D60ED8	2003-09-01 00:00:00.000
285	59	11	867C0513-686D-4EC8-8533-1A4A0598514F	2003-09-01 00:00:00.000
286	327	15	DC5191E7-6312-4C2C-BB35-6EEB5CDCD0FF	2002-07-01 00:00:00.000
287	235	14	5BF43688-9E08-4D83-A22F-03A60C832217	2001-08-01 00:00:00.000
288	58	11	0E5A1792-6B7F-4664-BE51-B319C52F7768	2002-12-01 00:00:00.000
289	104	15	B51EA154-2AED-4FF8-87FC-D169936E15CF	2001-08-01 00:00:00.000
290	236	14	69AD1EA5-B736-42C0-A392-29ED9C1FE1D7	2002-07-01 00:00:00.000
291	54	11	5D09022E-FCDF-4E0E-8A33-B995E0FF6C2D	2002-09-01 00:00:00.000
292	103	15	A56EABC4-8696-4C0E-960A-4F4892396C1F	2001-07-01 00:00:00.000
293	237	14	42BBACB9-1E5F-4599-9C6A-008156AA6505	2001-09-01 00:00:00.000
294	53	11	DC8111C9-2B35-42C8-96B5-1D99A7B07794	2001-09-01 00:00:00.000
295	600	15	F19197F8-F69A-4416-A73B-7B374CA2265B	2003-09-01 00:00:00.000
296	238	14	32C84C99-5723-456A-8CBA-692EB47A3CDB	2002-08-01 00:00:00.000
297	52	11	696E5F04-071A-4875-94F5-A6F2CAA78240	2003-09-01 00:00:00.000
298	599	15	C897C391-A0AE-4B1B-9CCA-7912D54F459A	2003-09-01 00:00:00.000
299	239	14	180B51C1-97E2-4733-A1F3-A02C2951152A	2002-07-01 00:00:00.000
300	48	11	DAFB38C7-C003-4964-8CA3-EFF031C440E0	2002-09-01 00:00:00.000
301	598	15	B6847F91-6061-44F7-AD29-3505B164BE3C	2002-08-01 00:00:00.000
302	240	14	CEB27CC3-61C0-472C-8326-0819CFC3D99D	2003-07-01 00:00:00.000
303	47	11	1D73DAF2-C381-419B-A7AC-24A3C423E6EC	2003-09-01 00:00:00.000
304	597	15	F36D716C-E474-4189-8741-FB0981658C2C	2003-09-01 00:00:00.000
305	241	14	33BE7513-9E80-4035-9632-B2615A60E463	2003-07-01 00:00:00.000
306	46	11	C836086C-E0FB-44C7-A0D1-3C6D98328767	2002-09-01 00:00:00.000
307	596	15	8E7E3E6F-4EE8-4E18-8DC0-ECA9E1301171	2003-08-01 00:00:00.000
308	242	14	0A1C5147-2BB0-46D3-9405-A69A6497B829	2003-09-01 00:00:00.000
309	41	11	877AA81D-4E7E-4DF9-8389-92C8328859AE	2001-08-01 00:00:00.000
310	595	15	A3CC02EB-DAF7-47FC-92AC-42E3E07F9EEA	2002-08-01 00:00:00.000
311	243	14	23B2AF00-E8A6-4BD3-B451-64CFB3C6C5DF	2002-09-01 00:00:00.000
312	40	11	15645758-0106-4FCE-B409-5351B6D456DA	2001-08-01 00:00:00.000
313	594	15	E7B8830E-B99C-4B9D-B4CA-DBD661BB35ED	2001-11-01 00:00:00.000
314	244	14	8F365195-232E-48A3-BA3B-379B3D95736A	2002-06-01 00:00:00.000
315	75	11	C6F28930-BC19-4F0C-9B3D-7F02AA95BF9E	2001-07-01 00:00:00.000
316	593	15	9B485FB5-A956-4912-A8FB-C28013FE81B8	2003-08-01 00:00:00.000
317	245	14	00403980-9F13-4481-BA8E-556714305CE3	2001-08-01 00:00:00.000
318	74	11	C2D2AE05-3437-417D-BCE7-4AF0436AE01F	2001-08-01 00:00:00.000
319	592	15	3F95606D-091A-4DA5-94D4-30D60BAE9A22	2003-09-01 00:00:00.000
320	124	14	ABA005CB-DC4D-4D1A-BA86-1C4B570806E7	2003-07-01 00:00:00.000
321	73	11	53F2F8E6-1A25-4F2B-BBA3-B5D785906504	2003-08-01 00:00:00.000
322	591	15	47C6BCC5-22DB-43D7-8D4C-FDC5FF45C2C3	2002-09-01 00:00:00.000
323	125	14	352392C2-EE7E-4E18-B512-275A30E7BE8E	2002-08-01 00:00:00.000
324	956	11	0FDA2910-EABA-4876-B149-803073D3F4FF	2002-08-01 00:00:00.000
325	590	15	F19CCBBE-133F-4628-8D2F-14591AD14476	2002-07-01 00:00:00.000
326	337	14	089A80A8-0A36-4389-83F6-FD92719842EA	2001-08-01 00:00:00.000
327	900	11	AE8FBC94-1DAC-4E6E-859F-EF8CE3569A7B	2002-09-01 00:00:00.000
328	899	11	B935FA07-EEB0-45AB-8855-1B5C0B5F96D9	2001-08-01 00:00:00.000
329	90	15	69C21B05-1ECE-4121-9884-06C8866741A2	2001-08-01 00:00:00.000
330	338	14	3AC7C3F0-D84D-4168-A187-1A6C1ADFEB6E	2001-12-01 00:00:00.000
331	898	11	E9AF7636-5DA8-4193-ADB1-E9D2A027C779	2003-07-01 00:00:00.000
332	89	15	24095A95-CE6B-45BF-AAC2-56D4481F0FA9	2003-07-01 00:00:00.000
333	339	14	4C1D9B7A-42F6-452B-B635-72B385C7A673	2003-07-01 00:00:00.000
334	897	11	6C6E708B-D60E-4BB1-8A19-0D19A27E7D46	2002-08-01 00:00:00.000
335	88	15	F0602C51-551D-46B3-A763-F621E69A4AD1	2001-08-01 00:00:00.000
336	340	14	2F5E7A51-B0B5-4B97-97F3-EB503BC26773	2001-08-01 00:00:00.000
337	896	11	26F2E214-360B-4FB0-AA8A-AB7E939B1141	2002-07-01 00:00:00.000
338	144	15	F9DDB644-8D37-4471-B4FF-0D44EC737CE3	2003-09-01 00:00:00.000
339	341	14	65846344-22D3-43E2-862D-1CFF14081AC9	2003-08-01 00:00:00.000
340	895	11	BEE7F324-F598-4DAE-B329-C8CA899A753B	2002-09-01 00:00:00.000
341	143	15	E55642C0-73CF-470B-BD23-1E2252488D26	2002-09-01 00:00:00.000
342	342	14	8763B174-077B-4C66-A75A-F611CBD05C6B	2001-08-01 00:00:00.000
343	894	11	7B6CDE03-2BEA-41A8-89DC-DB0A347CAECF	2002-08-01 00:00:00.000
344	142	15	EC742B5A-06C3-4D75-B363-1BB4D49C0915	2001-07-01 00:00:00.000
345	343	14	9C5F5AF8-DF77-45FE-A3E3-51E61F20699A	2002-08-01 00:00:00.000
346	893	11	ABB41E29-0D6C-4721-9438-AB65568BDFF8	2001-08-01 00:00:00.000
347	141	15	0991703B-2D2B-4556-A1A1-B8C819215E5C	2001-08-01 00:00:00.000
348	29	14	1D699AD1-F3B7-4E8D-9003-CFF76AA37805	2001-08-01 00:00:00.000
349	892	11	4CCD80D2-8A87-40CF-AC59-64091DB074BF	2002-09-01 00:00:00.000
350	160	15	1B0633A6-A7DA-427D-87A1-6D3DE172CC35	2002-11-01 00:00:00.000
351	32	14	8E94856A-54D2-47E7-82AC-71A72B959C2C	2003-09-01 00:00:00.000
352	473	11	35F3C69B-F7DF-42C1-8747-59924F250CB3	2002-08-01 00:00:00.000
353	159	15	4850CA20-8AC4-4E71-9D1D-A7748240CE44	2001-08-01 00:00:00.000
354	33	14	2CEDBD49-DC2C-41C2-83EB-55F2B6F52095	2001-08-01 00:00:00.000
355	472	11	42CC45B1-6E4D-4A64-B82D-03F2185D630C	2002-07-01 00:00:00.000
356	158	15	D503BF82-0EE5-4335-B79F-0A55D7555B9B	2002-07-01 00:00:00.000
357	34	14	02D7F9B3-3A73-4A59-BB30-3F11CA26A76F	2003-08-01 00:00:00.000
358	471	11	32591767-2650-49C8-B4BD-A05F53829869	2003-08-01 00:00:00.000
359	157	15	FF2D2107-1BB8-44C1-A4BD-B8D02386AD37	2002-08-01 00:00:00.000
360	35	14	515ECD6C-61E5-4249-A873-C1F269A24701	2003-08-01 00:00:00.000
361	470	11	357A8C2E-AB6C-447A-99F2-6F742A1B26C4	2003-08-01 00:00:00.000
362	233	15	C81C1F6E-1374-4939-B694-CE9153541268	2003-08-01 00:00:00.000
363	42	14	3228D237-AA6A-4386-B4DA-164DF639D55B	2003-08-01 00:00:00.000
364	469	11	9396349A-D35E-41DA-8138-9BDBD9885F65	2001-08-01 00:00:00.000
365	232	15	2EEB7CE2-1314-4EB5-99A2-673DA36D7C16	2001-09-01 00:00:00.000
366	43	14	2EEEA225-DD3B-4BCC-B11B-9AB2673D4BD7	2001-09-01 00:00:00.000
367	468	11	6C6F8B05-FB9D-4FA1-BECA-BF3977678236	2001-09-01 00:00:00.000
368	231	15	0B917D2D-8EC5-4C47-A196-76ACEECE4711	2001-09-01 00:00:00.000
369	36	14	3C367F13-71AD-4832-88A7-3AFA2CCCB6C3	2001-09-01 00:00:00.000
370	467	11	09C23EC2-7A07-4BD8-A89B-AA1156C73175	2001-08-01 00:00:00.000
371	230	15	02B4A4B1-F260-4E26-9F08-4D683E209C68	2001-08-01 00:00:00.000
372	829	14	7419F1B1-6C84-4B58-AE06-18807DAB335C	2003-09-01 00:00:00.000
373	466	11	3D03B945-D304-4919-88ED-5A60B76AB8A9	2003-09-01 00:00:00.000
374	229	15	BCC326A5-40DA-46D3-8A24-B85544489F93	2003-09-01 00:00:00.000
375	830	14	9E0EF16D-246F-4979-8C6D-29F03EFB11A3	2003-09-01 00:00:00.000
376	465	11	EB4AB565-1CC9-4667-831D-EA34B5A6A578	2002-08-01 00:00:00.000
377	228	15	BF73A47B-42CF-457B-B584-09B9E73B24E0	2002-08-01 00:00:00.000
378	831	14	83D1C2A2-A555-4015-B8D8-50F6A2016272	2003-08-01 00:00:00.000
379	464	11	E23A7EFD-3E28-4D6A-99E4-1C37EDE4CCE3	2002-09-01 00:00:00.000
380	227	15	B7504DC6-FE17-4584-8F86-A20C25EC1595	2002-07-01 00:00:00.000
381	832	14	47CD6531-E3CA-4DCA-8950-E97B26EAF1A6	2002-08-01 00:00:00.000
382	463	11	BFE0BBC7-A135-467C-8169-72618FFABB29	2002-09-01 00:00:00.000
383	226	15	F9F55AD4-B622-4FD7-BE11-26EACD5BEA34	2001-10-01 00:00:00.000
384	833	14	E6101DD9-2C85-4D7A-B236-0206CFDB3AE5	2001-08-01 00:00:00.000
385	462	11	CD0AF35F-F4C7-476C-9819-422EB7D943C1	2001-08-01 00:00:00.000
386	225	15	898B41FB-4F4C-4914-B808-7EB8EC4F4D1C	2001-09-01 00:00:00.000
387	834	14	638C5110-D3E4-4B6B-AD5C-B79FDA79D2F8	2002-07-01 00:00:00.000
388	461	11	C382E52D-0D02-4129-898B-4BDF0EA65576	2002-12-01 00:00:00.000
389	224	15	ADF87946-54B7-408C-9D51-63CB3FA8EB31	2001-08-01 00:00:00.000
390	835	14	09284366-5D61-42EB-8B62-DD526FF49302	2001-11-01 00:00:00.000
391	460	11	AD894B15-7ECA-4CB0-BCEB-043AC34E4A23	2003-08-01 00:00:00.000
392	223	15	C0FDF971-1048-4E97-B2C6-787D1C019C39	2003-07-01 00:00:00.000
393	836	14	FCCACD5D-3B18-48DF-AE03-AC862BAAF587	2003-08-01 00:00:00.000
394	459	11	781FC529-4195-4370-A170-8319BEFADB59	2003-08-01 00:00:00.000
395	135	15	52591FBA-5178-4396-B118-C179D0506B56	2002-09-01 00:00:00.000
396	837	14	F0DD6E70-59A8-4DC6-8076-5413BF9F7889	2002-08-01 00:00:00.000
397	458	11	DBBF3654-57D8-4664-AAD9-7BB8986CC1B0	2001-07-01 00:00:00.000
398	134	15	413AFA35-8E43-43FF-A81C-34006096C5AF	2002-07-01 00:00:00.000
399	838	14	A7682027-A9DC-41BB-91D6-1D76702DE103	2003-08-01 00:00:00.000
400	410	11	C74D4513-4592-4034-A431-FA80934BC110	2003-09-01 00:00:00.000
401	39	15	770AE69E-79AD-4777-AA3E-AEA4B2A31915	2001-08-01 00:00:00.000
402	85	14	B5E6B4D2-DD49-4DAD-8EB1-980EFCE13BB9	2001-08-01 00:00:00.000
403	409	11	7C9694FE-FBB0-43E5-B1C6-EDC56A88DC45	2001-08-01 00:00:00.000
404	38	15	2B13BCAE-4937-4FC2-8880-1CC7E1B95E7B	2002-07-01 00:00:00.000
405	86	14	2938AAAF-0EAC-4618-9DA1-EF09380C0BA6	2002-07-01 00:00:00.000
406	408	11	3E8C17A1-C3E8-4D2B-B0B2-1E454F74248B	2002-12-01 00:00:00.000
407	45	15	AA00C35B-FC62-4F74-9AB0-ABC7A386B14A	2003-09-01 00:00:00.000
408	87	14	FFB10AE0-3507-48E2-8B65-451545267625	2003-09-01 00:00:00.000
409	407	11	FE0163AF-766C-41FE-8BD0-411BAABEB365	2003-09-01 00:00:00.000
410	44	15	6EEF54D6-0D7D-46FA-AFB6-E39C82142620	2003-08-01 00:00:00.000
411	200	14	9838EE21-7128-4B3C-A534-C4C058F87291	2003-08-01 00:00:00.000
412	406	11	A3E3C03E-C62F-4292-96E7-141933D9171E	2002-08-01 00:00:00.000
413	57	15	BA7E946E-83B7-45A0-8E63-A3EA35B7B5FD	2002-08-01 00:00:00.000
414	201	14	19B47ACF-EB61-4635-9714-E6A55D5D74A2	2002-07-01 00:00:00.000
415	192	11	52EB3002-4CB4-48C3-BEB1-8AF3F11BC8C4	2002-07-01 00:00:00.000
416	56	15	7FD07C24-968D-4789-8548-CAAEEC6F104A	2002-07-01 00:00:00.000
417	202	14	8EC2D251-F91C-471C-90AC-A6AA516E0F31	2001-09-01 00:00:00.000
418	191	11	A4D8736F-B881-4DD4-9ED2-A51AD4B281EC	2001-09-01 00:00:00.000
419	55	15	3C5534E7-256E-419A-913F-1A427C5F1936	2001-09-01 00:00:00.000
420	203	14	CE08E365-2B6F-47E3-B722-DEC3EE701799	2003-09-01 00:00:00.000
421	190	11	B25401E0-15CF-4055-A931-49967D569D50	2003-07-01 00:00:00.000
422	437	15	7590D811-F96B-4CA4-8BD0-965624131BFC	2001-08-01 00:00:00.000
423	204	14	860B5105-5DBA-40DF-A861-60829CBCF438	2001-07-01 00:00:00.000
424	110	11	30111780-A55A-4927-BBC8-EFCFC3D9BF10	2002-09-01 00:00:00.000
425	436	15	BF6685B3-D6AC-4A0E-962D-ED55FCBCBBFE	2002-07-01 00:00:00.000
426	136	14	C4F78064-1C34-437E-B367-119209D774FD	2002-08-01 00:00:00.000
427	109	11	7B31BB17-CABF-45A8-9EB2-B6D4486A42C0	2003-08-01 00:00:00.000
428	435	15	DD7C9D4F-2231-47C5-B260-DA053B92F34E	2003-09-01 00:00:00.000
429	137	14	E71B2CE8-4905-444E-AA62-4AAEEA55E3B5	2003-07-01 00:00:00.000
430	156	11	0B932E9C-05C1-444B-A3AC-C943422CF45B	2002-08-01 00:00:00.000
431	51	15	E1B94BB0-BEF5-4D61-978C-C700CC381E37	2001-07-01 00:00:00.000
432	278	14	B6D7FAEB-3215-46E8-BEF5-D53774E4B57C	2001-08-01 00:00:00.000
433	155	11	A1197109-C202-4F28-B64E-6ECF66B6D950	2001-08-01 00:00:00.000
434	50	15	F71F518A-E8B4-4A1D-BC3F-2A8579CB928E	2002-10-01 00:00:00.000
435	279	14	BB48C074-C53E-4D11-B458-CE7AB2222EE3	2002-08-01 00:00:00.000
436	154	11	22714BD5-90B9-4D03-BD60-93CAAF3C2E72	2002-08-01 00:00:00.000
437	140	11	E7E614F9-B078-4418-B929-86360EFA299E	2002-07-01 00:00:00.000
438	49	15	728BE1EB-F52C-4111-832A-A6613A593687	2001-12-01 00:00:00.000
439	280	14	35647FD0-4363-46CF-AE1C-B2D3BED5FD5D	2001-09-01 00:00:00.000
440	139	11	58B0F7D2-A3B2-4B6E-BF3E-160451F98EC7	2002-07-01 00:00:00.000
441	37	15	621E9808-359F-4B96-ADB9-06C07C17286C	2003-08-01 00:00:00.000
442	281	14	E04F1BDB-F97B-4DD3-9576-D342EC10626F	2001-07-01 00:00:00.000
443	138	11	6077251D-0E63-425B-B39F-B46BF567E62E	2003-09-01 00:00:00.000
444	69	15	696D9338-E968-41E9-8265-AED6837EC565	2002-08-01 00:00:00.000
445	282	14	D0F8FC8D-784E-49F2-B72C-752CAE8F4FA0	2003-09-01 00:00:00.000
446	866	11	308FF131-1E4E-43E1-94A1-2A57FA227AA1	2003-08-01 00:00:00.000
447	68	15	554204D7-D04A-42BC-9ECB-E77DA878FEA9	2003-08-01 00:00:00.000
448	283	14	28CB86B8-EFA7-4C75-8549-41B9178009F8	2003-09-01 00:00:00.000
449	865	11	1C01C93A-0DE8-4EEB-BB09-169887939886	2002-08-01 00:00:00.000
450	67	15	6007174B-5B7D-4997-B630-81225E999D89	2002-08-01 00:00:00.000
451	284	14	FEB36458-CCC8-492F-AD0C-F026A4ED45E6	2003-07-01 00:00:00.000
452	864	11	8BE67AB8-A0B8-458D-9296-AD623CB3F968	2003-07-01 00:00:00.000
453	318	15	FAE0DDCD-1E47-427D-A4F7-C5138D9F5EB2	2001-09-01 00:00:00.000
454	285	14	A762AEC8-35ED-442C-8340-1D087B3E5954	2003-09-01 00:00:00.000
455	863	11	23F82764-3FA2-4EFF-8F52-F1FA0460CEA0	2003-09-01 00:00:00.000
456	317	15	C5CB18F7-BBA9-4A99-ABF8-383C89713821	2002-01-01 00:00:00.000
457	286	14	B5C77387-A542-4835-8AD7-784DFEDEC80A	2002-09-01 00:00:00.000
458	862	11	E5F6E454-6B22-424E-8BF9-59745117DE25	2001-07-01 00:00:00.000
459	316	15	B1A20DD1-E2A7-4BD2-A620-23D93197C7C8	2003-10-01 00:00:00.000
460	287	14	2F21A1C1-B55B-4F18-9D82-9E4EE598ABE8	2001-09-01 00:00:00.000
461	861	11	50C465C7-47E4-4F97-BB9B-671B7E4A7DEF	2002-09-01 00:00:00.000
462	315	15	955DF3A5-76E6-4D54-86C6-A43C2F1F7F7C	2003-02-01 00:00:00.000
463	288	14	D044347B-8140-4134-B08A-9B19170D8A89	2003-02-01 00:00:00.000
464	860	11	924D8449-2C1E-482E-8E8E-37185888DAA0	2003-09-01 00:00:00.000
465	314	15	D16BD22A-0C56-4FAA-B98B-5CD5B371145E	2003-09-01 00:00:00.000
466	289	14	FBF72252-F24E-40A1-9C38-FF410FEDE6B6	2003-09-01 00:00:00.000
467	859	11	BC263D45-02C7-40AF-AE53-81908F1F2C50	2003-12-01 00:00:00.000
468	313	15	67512AAB-271A-4E02-9671-1292760CC671	2002-08-01 00:00:00.000
469	290	14	7CDD0FDA-442C-4B7D-AA78-36E2D9B8DBB1	2001-08-01 00:00:00.000
470	858	11	3D24946D-1BDB-48E1-8EC8-20DBB425FB25	2003-09-01 00:00:00.000
471	312	15	D5E68BB5-320B-4F79-9ED3-0E5753BA90B5	2001-08-01 00:00:00.000
472	291	14	E966DDD1-5B25-4932-887B-C115A1706B47	2002-09-01 00:00:00.000
473	457	11	5AA6F169-85CC-4800-B3DC-8641695F5342	2001-09-01 00:00:00.000
474	311	15	1D42DB5E-E850-432A-9DAD-EF105DFAC2F9	2002-09-01 00:00:00.000
475	292	14	4D19FBE9-4F3B-4745-A622-9DD76E9236F9	2002-07-01 00:00:00.000
476	456	11	4AECBEC0-0523-4D75-893D-1A668D03744E	2002-08-01 00:00:00.000
477	310	15	EE50C8C0-0E8B-4D92-A169-45ED8D362F8F	2003-09-01 00:00:00.000
478	817	14	DCBD5579-438A-4C66-87A8-E29E091D71FF	2001-08-01 00:00:00.000
479	455	11	3E10870E-2F13-487A-A357-C2EA8D7B6C04	2002-08-01 00:00:00.000
480	309	15	6B852A10-055B-48B5-A6B7-2406032A82B6	2001-07-01 00:00:00.000
481	818	14	CFC0DEC4-D82F-4536-9C90-3368EAEE92AB	2002-09-01 00:00:00.000
482	454	11	4F2A1601-A25E-48DD-8313-92428DD244EA	2003-07-01 00:00:00.000
483	308	15	EC6B636E-4DEF-4C24-A80F-8FA0CAA128DD	2003-09-01 00:00:00.000
484	819	14	426E4F79-8C33-498E-95E7-3710465C7241	2002-08-01 00:00:00.000
485	8	11	5C0C1315-AD46-44BD-AD69-C62B81005F83	2001-07-01 00:00:00.000
486	307	15	49203AFD-3326-40CE-8C13-0C7C57CC815A	2001-07-01 00:00:00.000
487	820	14	DD1D624F-0C9A-4E11-AF0A-EC951AC6A0A6	2002-08-01 00:00:00.000
488	7	11	B34C5107-A791-4E99-9AC6-37B2E5AA71FA	2002-09-01 00:00:00.000
489	306	15	2641196E-21F2-47E8-B667-3CCD996A1463	2002-09-01 00:00:00.000
490	821	14	5427CF40-EF8B-45EB-A148-4EFBE6C76D38	2002-09-01 00:00:00.000
491	6	11	EECF639C-C221-4B88-B3CF-25E5A4C9E4A9	2001-07-01 00:00:00.000
492	305	15	397215CC-95EF-44AF-9A1C-4E785540D1C4	2001-08-01 00:00:00.000
493	822	14	3BFE012C-EA9A-4D87-B1BF-DD2B2DD045C5	2002-11-01 00:00:00.000
494	18	11	A6429D91-08EA-4406-B72C-5584C93C12F4	2002-07-01 00:00:00.000
495	304	15	ADA5481C-DBD8-4308-9FEA-C61DF2CF25D6	2001-11-01 00:00:00.000
496	823	14	8B687DC6-DCB7-47CA-BE47-EDB122DFC80D	2002-07-01 00:00:00.000
497	17	11	DB400F46-EB4B-418A-952E-D5B2571BD033	2002-09-01 00:00:00.000
498	303	15	DE78CF3C-3DAB-4FAB-BA57-A04A240886FD	2001-09-01 00:00:00.000
499	824	14	468E29B5-4268-49F8-90FD-23791681B1E6	2002-09-01 00:00:00.000
500	16	11	8E89B464-6B9B-4A20-8A50-82F2C973B18C	2002-09-01 00:00:00.000
501	302	15	9673EAC7-3489-454A-A85A-2051279A2AE7	2004-06-01 00:00:00.000
502	825	14	36E84DCD-5C21-4B2B-B535-AFEE26EC1B79	2002-09-01 00:00:00.000
503	15	11	44E58B9F-4D86-4990-8D46-8C4FFF28BD26	2001-09-01 00:00:00.000
504	99	15	BC127F6C-3E98-4F69-B121-5DE6361FB6D0	2001-07-01 00:00:00.000
505	826	14	7E8B0CAD-1FCC-4530-8887-06FCE878EA58	2003-07-01 00:00:00.000
506	14	11	52B90195-FF19-4E12-86F8-347B85C082C3	2001-07-01 00:00:00.000
507	98	15	74510398-19B2-4FCA-AA4B-285E0E8C2366	2001-07-01 00:00:00.000
508	827	14	D4CE21E8-FBF9-4576-A55A-5B1CA22F4743	2001-07-01 00:00:00.000
509	13	11	894EAD44-D509-4395-89A7-300E5F0A5933	2003-09-01 00:00:00.000
510	97	15	91F8A73C-DE33-4857-BC11-3AB2DCF47E03	2001-07-01 00:00:00.000
511	828	14	CDE691A7-D6F1-4394-999D-8E00E7A02B26	2001-07-01 00:00:00.000
512	31	11	A3B077C3-66D0-4A63-85CF-A6C2B48BFDB9	2002-08-01 00:00:00.000
513	589	15	90BE7EC8-BF10-48BC-BEC4-C4F627632875	2002-08-01 00:00:00.000
514	151	14	677087C9-C3FE-4B55-8C8F-36C99AB5239F	2001-07-01 00:00:00.000
515	857	11	615377F8-6480-4824-8642-BA2F69BCE45F	2001-07-01 00:00:00.000
516	588	15	541E53F2-9E91-494D-9159-401FB1410FB7	2002-11-01 00:00:00.000
517	152	14	96B9055F-1CD6-4C3E-A0A6-60A74F6D4846	2002-11-01 00:00:00.000
518	856	11	5C3931ED-7C5C-48FF-9C3E-1AE99EFD2D28	2003-12-01 00:00:00.000
519	587	15	D7B4923B-CD57-4A8F-872F-47A2B79C0D9F	2003-08-01 00:00:00.000
520	153	14	4CF60AF1-B960-41E7-A4B8-2743F2C17CAD	2003-08-01 00:00:00.000
521	855	11	06DABDFF-1FF6-4FCA-8895-840A29E60E4B	2003-08-01 00:00:00.000
522	586	15	0B4CCFDB-EA68-469D-80DD-DF61CCD5BAF7	2003-08-01 00:00:00.000
523	332	14	28E4580D-EADF-40A4-9622-C5D93AA8E0A8	2002-07-01 00:00:00.000
524	854	11	46A3C217-BED9-4FE5-9BC1-FBBEC65D8963	2002-08-01 00:00:00.000
525	585	15	0A631286-E11E-4157-836A-2864F2D435FC	2001-12-01 00:00:00.000
526	333	14	5EB36CDA-B972-404F-98B1-C2E4922B8697	2001-12-01 00:00:00.000
527	853	11	947353AA-FDAA-41F2-9753-B45259A9A8A5	2001-08-01 00:00:00.000
528	584	15	FA5EA01E-0878-489C-AF12-DDCA9722455C	2001-11-01 00:00:00.000
529	334	14	77D0E18F-12A2-46ED-869B-5FD19F28E7FE	2002-08-01 00:00:00.000
530	852	11	A53F273B-FF13-4A46-93D2-6DE13C156DBE	2002-07-01 00:00:00.000
531	583	15	D787DD10-CBFB-4CA6-8D5D-22875DBA93E0	2001-11-01 00:00:00.000
532	335	14	B1A2B08E-94EE-48E8-A872-D7D02978A86B	2001-11-01 00:00:00.000
533	851	11	FAC433B2-B68D-48C6-A0D5-1AAFC606A6F1	2001-08-01 00:00:00.000
534	582	15	85D4B67D-CF0F-4A1D-9AEC-FF8BEA148D8D	2001-11-01 00:00:00.000
535	336	14	46ED08E5-9741-4E19-B423-01EC34F2755A	2002-08-01 00:00:00.000
536	480	11	3FF3E68E-800D-48A5-A4BD-1719E41233EC	2003-09-01 00:00:00.000
537	581	15	F43FD52A-2EDC-4CFF-B093-D6B8AA59395E	2003-09-01 00:00:00.000
538	122	14	14D6C5C5-2608-450E-9FE6-32FF363F94F9	2002-07-01 00:00:00.000
539	479	11	1B51686D-74FF-4289-995F-B704D33DE29C	2003-09-01 00:00:00.000
540	580	15	D90212CF-25A1-4D2C-A2A8-29728D0DD92C	2002-08-01 00:00:00.000
541	123	14	A57C97D4-285F-4F4D-B162-86D11F873581	2001-11-01 00:00:00.000
542	478	11	9BECFFDD-19D6-44BE-A02A-9E33D647B04D	2001-12-01 00:00:00.000
543	579	15	BBD205F4-6BBB-435A-919D-D2FE6649D95A	2003-06-01 00:00:00.000
544	9	14	9610A697-8D89-4110-AC5D-A669AED13815	2002-12-01 00:00:00.000
545	477	11	05B325A4-9635-4B56-99D0-A89778BCA5D9	2001-09-01 00:00:00.000
546	476	11	6E702753-8FB6-4D8C-A4C2-54EDF76CF96C	2002-08-01 00:00:00.000
547	578	15	2A0E431D-8175-4222-B965-35619AA463EF	2002-08-01 00:00:00.000
548	10	14	B71C5267-238D-4738-A860-5E63D1BF0110	2001-08-01 00:00:00.000
549	475	11	AFC4EBFF-6B0A-4785-8ABB-CCF59DA2347E	2001-07-01 00:00:00.000
550	577	15	CDA57494-BB62-4462-A820-6259812C38C4	2002-09-01 00:00:00.000
551	11	14	BBE73A37-8E40-4875-8B41-AFF4F936AF1C	2001-09-01 00:00:00.000
552	474	11	5E7F1AD8-157C-4962-ABDF-E7C567854AFE	2003-08-01 00:00:00.000
553	576	15	C0F2E1CD-E45E-4075-BE63-812676ABB464	2003-09-01 00:00:00.000
554	12	14	B7E009B0-1F92-4657-849D-9F8102F0936A	2003-08-01 00:00:00.000
555	30	11	1EEB0ACF-A77D-4D7D-817E-B6108D1D79DB	2003-09-01 00:00:00.000
556	575	15	98A16E02-F947-42D7-94BE-F1FDF1F724C5	2003-08-01 00:00:00.000
557	19	14	DA36501C-46D9-4462-8C19-01741BB5F525	2003-09-01 00:00:00.000
558	27	11	5263D3E1-5ECD-45FE-8B91-65E60BD6F61F	2001-08-01 00:00:00.000
559	574	15	A0EFFE15-0EFC-4459-B4FD-B5A4226EADC6	2001-08-01 00:00:00.000
560	20	14	388EDA62-D73B-4AB9-88B2-F264FCEFDACF	2003-07-01 00:00:00.000
561	26	11	4D1AFF3A-C777-4A8A-8C32-57503601E608	2001-12-01 00:00:00.000
562	573	15	3B84EA67-65DA-44EB-BC56-27EDA20101EA	2001-09-01 00:00:00.000
563	24	14	619376E7-DAB1-4059-8556-C63EC2F9C138	2003-08-01 00:00:00.000
564	23	11	6BB9BBD0-CF24-4FC3-ABAD-64799F5A9139	2003-05-01 00:00:00.000
565	84	15	5BA55ADE-5CFC-4001-8250-DDB4E684A526	2003-05-01 00:00:00.000
566	25	14	7C6DCDA9-08CE-4582-AAEE-33645A125534	2001-08-01 00:00:00.000
567	22	11	DD7667DA-C1C1-411F-AB01-83DBC4AE1A3A	2001-09-01 00:00:00.000
568	411	15	9D7DFC52-5143-4EE2-ADEE-C1462AF28F74	2001-08-01 00:00:00.000
569	28	14	E07ECD11-ECBF-40C6-AC8C-3DCECEF58B2B	2001-08-01 00:00:00.000
570	21	11	16102352-42EB-45AE-999E-A0BF0CCF50C5	2002-08-01 00:00:00.000
571	412	15	DE7A5773-6F94-46BD-B847-F12D639C04A5	2002-09-01 00:00:00.000
572	293	14	FE0B567C-21C1-46CD-BC9D-7B839792F4E1	2003-07-01 00:00:00.000
573	5	11	A975D67E-56B8-417B-BCD0-6B6E870983D1	2003-09-01 00:00:00.000
574	413	15	FC3743FD-327C-4F9A-8B0B-7EB178E17EFC	2002-08-01 00:00:00.000
575	294	14	72008C07-BE16-4A2C-8225-A938660F71EB	2001-09-01 00:00:00.000
576	4	11	4DB2F5ED-67AD-4021-AA77-FA73368AAAA3	2001-09-01 00:00:00.000
577	414	15	7FAE01AA-4BC4-433C-890B-981A35343CE3	2002-01-01 00:00:00.000
578	295	14	059AB9FD-4865-4BC6-BDA3-E450BFF33F87	2001-07-01 00:00:00.000
579	3	11	53804FFD-F5F5-4279-BCCD-AEE7CEA84109	2001-09-01 00:00:00.000
580	415	15	F31D1A77-EE9E-4E9B-AECB-431864D00A04	2002-03-01 00:00:00.000
581	296	14	59A720B1-5958-4E70-8203-53E3CB26A0F9	2001-09-01 00:00:00.000
582	2	11	A29ABFDF-CDD6-495F-A433-13E11419D5EE	2003-09-01 00:00:00.000
583	801	15	7F18EBBC-D79D-4565-BBCB-221179DC2C9F	2002-08-01 00:00:00.000
584	297	14	E436D0CC-369F-40E6-9224-9FDD51C1B7A6	2001-08-01 00:00:00.000
585	1	11	9171E06B-3F53-47CF-AFFD-F4CE918C3C97	2001-09-01 00:00:00.000
586	802	15	3C5CF1B3-65A3-498D-911A-2B2F90F72D87	2002-09-01 00:00:00.000
587	298	14	92B8DE41-F6C1-4F1E-8E66-EE9BA40CCFD6	2002-09-01 00:00:00.000
588	189	11	881B87BE-C859-407E-80E7-013C0D2F5B9C	2001-09-01 00:00:00.000
589	803	15	959F78F4-FC8B-4E91-8A78-08794098022C	2001-09-01 00:00:00.000
590	299	14	77D45382-5842-40DF-8B4A-7802762F344C	2003-07-01 00:00:00.000
591	188	11	F5ACC181-7DF6-4F5F-B2A9-2B13D7D35BF1	2003-07-01 00:00:00.000
592	804	15	4DF23A2C-EE77-4701-BBCE-D8E18C7F36BE	2002-08-01 00:00:00.000
593	300	14	3DB259C0-7D59-49E2-BFE3-8A42C962FBB5	2003-11-01 00:00:00.000
594	187	11	12B33BE1-D68B-4BBE-BAF8-BD69348A176D	2002-07-01 00:00:00.000
595	805	15	CBDC4DEA-235C-4B8B-B196-760FBFC7A9DD	2003-09-01 00:00:00.000
596	301	14	3068BF49-FE1F-4A6C-9677-E025802F6C0E	2002-08-01 00:00:00.000
597	405	11	00366ABF-DFCE-4CA6-9E47-E471256422F4	2003-07-01 00:00:00.000
598	806	15	B2D92277-F67D-4446-B256-DEF07B7C8B32	2003-02-01 00:00:00.000
599	181	14	346DCE04-60B6-4F47-85C8-32D59951A8DA	2003-07-01 00:00:00.000
600	404	11	2AEC859B-4000-483B-8C68-560E6F8DE0F3	2003-07-01 00:00:00.000
601	807	15	45DC34F4-5A6D-461B-871C-AC2CE914402B	2003-09-01 00:00:00.000
602	182	14	778297D3-BBE4-4017-9306-B762027CB2B4	2001-09-01 00:00:00.000
603	403	11	15DFACC0-6A07-41A4-A713-7F819FEC6220	2001-07-01 00:00:00.000
604	808	15	63B4F7EA-B1E2-4650-BF1A-6D82C6F11B00	2003-09-01 00:00:00.000
605	183	14	ECC243B1-9D0B-47B7-BFA4-0DD9F69056C3	2003-08-01 00:00:00.000
606	402	11	47ADAA42-2F3A-4E07-A619-32EFFC47CF9C	2003-08-01 00:00:00.000
607	809	15	A17C7560-8905-4D1D-AA12-36CAD668C45C	2003-08-01 00:00:00.000
608	94	14	4C8E14E6-4831-4C2C-942F-8A7D2C853FE8	2001-09-01 00:00:00.000
609	401	11	4E6AD0EE-6540-4DBD-9E2A-BD03F53F1B15	2002-09-01 00:00:00.000
610	810	15	C3D80668-5180-4793-800C-4020F9772B41	2003-08-01 00:00:00.000
611	95	14	D476C91E-A2EE-4459-8DF9-3141D6D4FB0A	2003-09-01 00:00:00.000
612	400	11	68BC0B45-40FC-45B1-A1AF-6FB4BD297CD3	2001-08-01 00:00:00.000
613	811	15	3346D32C-5B34-4885-8B7F-82282CD4A7F7	2002-09-01 00:00:00.000
614	96	14	B1FE344E-3920-4B66-B91B-13E5C0B3CB87	2003-08-01 00:00:00.000
615	399	11	C317D002-F656-49BF-B4A5-4BDDD5582220	2003-08-01 00:00:00.000
616	812	15	5F587516-A972-42DA-99F9-E071B0FC8CB8	2003-09-01 00:00:00.000
617	416	14	C1FD8D95-EB9A-4149-BC03-BDCEEAF52DAF	2003-08-01 00:00:00.000
618	398	11	385FED74-7FFC-43DA-9706-E5F1865E24ED	2001-07-01 00:00:00.000
619	813	15	6361AC18-87E4-44E4-83C1-AAA62C1FC954	2001-07-01 00:00:00.000
620	417	14	A2F74FB1-681B-4F32-A2EE-7E2BA8E44547	2001-07-01 00:00:00.000
621	397	11	23196A11-8BFD-4708-9F33-5847CAA3A4BA	2003-09-01 00:00:00.000
622	814	15	3688DBF7-E9C2-47D9-AC7F-253BBEC78EC1	2002-07-01 00:00:00.000
623	418	14	B672FAB9-688C-48ED-9520-4D9347455765	2001-08-01 00:00:00.000
624	396	11	0856B01C-3350-4D51-9498-F39CB6769C1F	2001-09-01 00:00:00.000
625	815	15	112828ED-A5CD-4F48-B08C-256EBB491BA5	2003-02-01 00:00:00.000
626	419	14	C7413B86-D881-4959-9B57-7E3B4DC0BA30	2002-10-01 00:00:00.000
627	395	11	6E5A10CC-8C35-4F61-A5C0-8B29EDAB74C2	2003-09-01 00:00:00.000
628	816	15	2C9A47D6-99EA-435E-BCAC-16B14C0E17D4	2002-07-01 00:00:00.000
629	420	14	574B360B-FE2C-4C0D-8920-9A27338AFD7A	2003-08-01 00:00:00.000
630	394	11	53A3BBFF-6860-4A5A-9E87-52CE462DB431	2003-09-01 00:00:00.000
631	537	15	102AB17B-867A-4BD4-AA2F-58457DF89180	2001-09-01 00:00:00.000
632	882	14	DB13B5B9-615B-4E87-8D54-BCF87C91BB2E	2003-08-01 00:00:00.000
633	393	11	F5544BFF-9CE9-45AC-80B1-CBA0B79A28F9	2003-09-01 00:00:00.000
634	538	15	3085CC46-CA0F-426C-8FE9-51529A1E92C0	2003-07-01 00:00:00.000
635	883	14	7B3D5200-7988-4D74-8EE3-1B6FB8471133	2002-12-01 00:00:00.000
636	392	11	05A73D51-FB4E-4811-A537-EBB7E985C89A	2002-09-01 00:00:00.000
637	539	15	9F3F9150-6A3E-4239-8B56-848D0338BD3D	2002-09-01 00:00:00.000
638	884	14	92D33960-F1A1-4166-AF2D-B77444042C14	2002-08-01 00:00:00.000
639	391	11	94B4B741-ABF1-4AB6-B2BB-7B194180A8F8	2003-07-01 00:00:00.000
640	540	15	8C15778C-ED31-4933-8618-61B0B97870F6	2003-09-01 00:00:00.000
641	885	14	0B2A2182-C167-4A90-8884-442FB16C5E68	2002-07-01 00:00:00.000
642	390	11	B668FF88-723F-4D5D-8DD8-60B30A50CB4C	2002-08-01 00:00:00.000
643	541	15	519792C1-160F-48A6-B172-8624549E9537	2001-10-01 00:00:00.000
644	886	14	8C005AA2-7D8A-42D3-A8DA-0D90FF321B13	2002-09-01 00:00:00.000
645	389	11	FED91F4F-6167-4D4B-9688-C1C35F29B8F7	2002-08-01 00:00:00.000
646	542	15	71A7BCD0-2E54-44E7-A3FD-59CBD30E9CEF	2001-07-01 00:00:00.000
647	887	14	0CA2AAA8-22CB-44B5-9BCA-0E41E028FF18	2001-09-01 00:00:00.000
648	388	11	2619F228-DEEF-4354-9F32-7C5A2BBA9020	2001-09-01 00:00:00.000
649	543	15	0C97A9E4-33E3-4F2C-97DE-F86A5407D783	2002-09-01 00:00:00.000
650	888	14	A976D5C5-6306-46CB-A182-C6095EE22D6B	2001-08-01 00:00:00.000
651	387	11	CC01C58A-BA9E-497C-A44F-0928CE181C2B	2002-09-01 00:00:00.000
652	544	15	727C6731-FC67-4E8D-809B-BC6325435F52	2002-09-01 00:00:00.000
653	889	14	6133FDD5-002D-49FE-8523-DCC1D16ABAD5	2002-08-01 00:00:00.000
654	386	11	3917D2D5-639A-4B6C-80DF-EB897EEED3D6	2002-09-01 00:00:00.000
655	385	11	5AE903A8-3E52-4E48-8597-0F853416673B	2004-06-01 00:00:00.000
656	545	15	8D608876-65FE-4478-9004-F6922BB7E86B	2003-08-01 00:00:00.000
657	890	14	8F4157C4-B934-4E56-B644-FFB08AF061D4	2003-08-01 00:00:00.000
658	384	11	694F0017-C3B4-495F-957B-053EB48F464F	2003-08-01 00:00:00.000
659	546	15	200DC937-0D1B-411C-BA34-A05B1A52E6C8	2004-02-01 00:00:00.000
660	891	14	3D0B3853-215D-46C0-BD31-04F6A809AD72	2002-07-01 00:00:00.000
661	383	11	08FD0ADC-A878-4548-A51B-932162D6BB0C	2001-08-01 00:00:00.000
662	547	15	C745C04F-1A27-43A9-87CE-897E2AA9968E	2003-08-01 00:00:00.000
663	65	14	C4BF6E89-F2AD-45CA-BEB5-AE70A6A8F22D	2003-08-01 00:00:00.000
664	382	11	33E2D616-A01C-40BE-906A-781685EC5DFC	2003-07-01 00:00:00.000
665	548	15	478B4AA8-F40F-4EC3-ADEB-E64BBE2731AE	2002-09-01 00:00:00.000
666	66	14	A133E555-797C-4541-9D68-CA62F7B8627A	2002-08-01 00:00:00.000
667	381	11	31900F61-B2A8-43C6-B6E9-012F5E4AF0B6	2002-08-01 00:00:00.000
668	549	15	AAFB6C9C-31CB-4D92-B5FD-E81B19232D7F	2002-07-01 00:00:00.000
669	266	14	A9399138-0149-44CD-B260-CF29F2D63A59	2002-11-01 00:00:00.000
670	380	11	CF6599E7-2FE0-4D6C-9976-C39D97925877	2001-07-01 00:00:00.000
671	550	15	BEAF2E14-35D2-4BD1-B979-E56F845E54BF	2001-07-01 00:00:00.000
672	267	14	AC8D2885-5390-4DDF-9DAD-CDD3885E7BB8	2003-09-01 00:00:00.000
673	379	11	F5A90C7B-55E1-4FF5-A707-33793804F5EA	2002-10-01 00:00:00.000
674	551	15	A5B0282E-E5B9-456E-A9FC-05D9127A2D31	2001-12-01 00:00:00.000
675	268	14	52FA917E-BA92-472A-B2E0-D16F32A58C2A	2001-09-01 00:00:00.000
676	378	11	C7865050-24A1-4391-9811-3227869AC0E6	2001-07-01 00:00:00.000
677	552	15	7ED94665-B208-4F4B-837E-8104E7D1BDE1	2002-08-01 00:00:00.000
678	269	14	7402C591-F12D-4B43-934C-C2FDA91A9CC0	2001-09-01 00:00:00.000
679	377	11	ADA2F7EA-DC09-4244-A03E-9D8E07948FD2	2001-07-01 00:00:00.000
680	553	15	20707AEF-2587-467E-B373-5E57087D8D03	2003-08-01 00:00:00.000
681	270	14	081C29D0-1B17-4BD3-A7A2-CBCB13CF4686	2003-08-01 00:00:00.000
682	376	11	3215EE35-4045-426D-8A07-24B2861342DB	2003-09-01 00:00:00.000
683	554	15	B5C60C03-A6F7-489A-952F-716362C427EC	2002-08-01 00:00:00.000
684	271	14	A879298D-0A0B-4D48-B6B3-57025B51E802	2001-08-01 00:00:00.000
685	375	11	CFFFD627-7499-4CB9-8A00-FBC7D38FF8B0	2002-09-01 00:00:00.000
686	555	15	475DC187-2965-47AF-99DB-938C71569E9B	2002-08-01 00:00:00.000
687	272	14	C9BD46E0-B52F-4007-B23D-1D2BAB9DFCEF	2003-08-01 00:00:00.000
688	374	11	7DF856D6-5A38-4644-9234-EBBA8FCDF9D3	2003-09-01 00:00:00.000
689	556	15	84EB3334-46EA-4427-88EC-4314AB6E05B6	2003-09-01 00:00:00.000
690	273	14	2A888B92-E000-4A18-BFCC-2D717C9F6664	2002-12-01 00:00:00.000
691	373	11	ECBFBAD2-C171-478E-B3EA-D845A8A8168D	2003-07-01 00:00:00.000
692	256	15	0D75D130-3B8B-4C77-9405-DCBDEFF64086	2002-09-01 00:00:00.000
693	274	14	B372B14D-D709-4463-BE2B-9047B25A5021	2003-08-01 00:00:00.000
694	372	11	ACF91443-A893-47FA-91EC-67977DB84EB1	2002-08-01 00:00:00.000
695	174	15	238C2378-0E59-43D8-A9D7-5040822FD158	2002-09-01 00:00:00.000
696	275	14	28201E6F-80F1-4D3A-A478-B96C0A7008C7	2001-11-01 00:00:00.000
697	371	11	D13E8738-E41F-431E-B5CD-132DF66EA8CD	2001-08-01 00:00:00.000
698	175	15	5AB1654B-88C1-444E-A95D-8A23758C7ED4	2002-07-01 00:00:00.000
699	276	14	32757665-9021-450D-95D7-36809D895CED	2004-03-01 00:00:00.000
700	370	11	BA39E944-50E1-419B-B6B6-ABFDDD648119	2003-08-01 00:00:00.000
701	277	14	9C01A5D8-904D-4D84-97D8-F65DE1DDB962	2002-12-01 00:00:00.000
